o 
v 0.0949999988079071 0.3688247903317048 -0.0005643394927619883
v 0.0931750014424324 0.36875506055013474 -0.019098207421731975
v 0.09807900339365005 0.0687535036177993 -0.018944523139158027
v 0.0949999988079071 0.3688247903317048 -0.0005643394927619883
v 0.09807900339365005 0.0687535036177993 -0.018944523139158027
v 0.10000000149011612 0.06882690161195884 0.0005643394927619883
v 0 0.3688247903317048 -0.0005643394927619883
v 0.0931750014424324 0.36875506055013474 -0.019098207421731975
v 0.0949999988079071 0.3688247903317048 -0.0005643394927619883
v 0 0.06882690161195884 0.0005643394927619883
v 0.10000000149011612 0.06882690161195884 0.0005643394927619883
v 0.09807900339365005 0.0687535036177993 -0.018944523139158027
v 0.0931750014424324 0.36875506055013474 -0.019098207421731975
v 0.08776900172233582 0.36868801325545114 -0.03691908218544676
v 0.09238799661397934 0.0686829273267098 -0.0377033895591731
v 0.0931750014424324 0.36875506055013474 -0.019098207421731975
v 0.09238799661397934 0.0686829273267098 -0.0377033895591731
v 0.09807900339365005 0.0687535036177993 -0.018944523139158027
v 0 0.3688247903317048 -0.0005643394927619883
v 0.08776900172233582 0.36868801325545114 -0.03691908218544676
v 0.0931750014424324 0.36875506055013474 -0.019098207421731975
v 0 0.06882690161195884 0.0005643394927619883
v 0.09807900339365005 0.0687535036177993 -0.018944523139158027
v 0.09238799661397934 0.0686829273267098 -0.0377033895591731
v 0.08776900172233582 0.36868801325545114 -0.03691908218544676
v 0.07898999750614166 0.36862622184472205 -0.0533429662104762
v 0.08314699679613113 0.0686178815537355 -0.054992268693729286
v 0.08776900172233582 0.36868801325545114 -0.03691908218544676
v 0.08314699679613113 0.0686178815537355 -0.054992268693729286
v 0.09238799661397934 0.0686829273267098 -0.0377033895591731
v 0 0.3688247903317048 -0.0005643394927619883
v 0.07898999750614166 0.36862622184472205 -0.0533429662104762
v 0.08776900172233582 0.36868801325545114 -0.03691908218544676
v 0 0.06882690161195884 0.0005643394927619883
v 0.09238799661397934 0.0686829273267098 -0.0377033895591731
v 0.08314699679613113 0.0686178815537355 -0.054992268693729286
v 0.07898999750614166 0.36862622184472205 -0.0533429662104762
v 0.0671750009059906 0.3685720603021636 -0.06773886497863352
v 0.07071100175380707 0.06856086821678048 -0.07014616181545638
v 0.07898999750614166 0.36862622184472205 -0.0533429662104762
v 0.07071100175380707 0.06856086821678048 -0.07014616181545638
v 0.08314699679613113 0.0686178815537355 -0.054992268693729286
v 0 0.3688247903317048 -0.0005643394927619883
v 0.0671750009059906 0.3685720603021636 -0.06773886497863352
v 0.07898999750614166 0.36862622184472205 -0.0533429662104762
v 0 0.06882690161195884 0.0005643394927619883
v 0.08314699679613113 0.0686178815537355 -0.054992268693729286
v 0.07071100175380707 0.06856086821678048 -0.07014616181545638
v 0.0671750009059906 0.3685720603021636 -0.06773886497863352
v 0.052779000252485275 0.3685276091760078 -0.07955377796007204
v 0.0555570013821125 0.06851408073107848 -0.08258206884405266
v 0.0671750009059906 0.3685720603021636 -0.06773886497863352
v 0.0555570013821125 0.06851408073107848 -0.08258206884405266
v 0.07071100175380707 0.06856086821678048 -0.07014616181545638
v 0 0.3688247903317048 -0.0005643394927619883
v 0.052779000252485275 0.3685276091760078 -0.07955377796007204
v 0.0671750009059906 0.3685720603021636 -0.06773886497863352
v 0 0.06882690161195884 0.0005643394927619883
v 0.07071100175380707 0.06856086821678048 -0.07014616181545638
v 0.0555570013821125 0.06851408073107848 -0.08258206884405266
v 0.052779000252485275 0.3685276091760078 -0.07955377796007204
v 0.036354999989271164 0.36849458025207815 -0.08833272004429488
v 0.03826799988746643 0.06847931365812787 -0.09182300326023099
v 0.052779000252485275 0.3685276091760078 -0.07955377796007204
v 0.03826799988746643 0.06847931365812787 -0.09182300326023099
v 0.0555570013821125 0.06851408073107848 -0.08258206884405266
v 0 0.3688247903317048 -0.0005643394927619883
v 0.036354999989271164 0.36849458025207815 -0.08833272004429488
v 0.052779000252485275 0.3685276091760078 -0.07955377796007204
v 0 0.06882690161195884 0.0005643394927619883
v 0.0555570013821125 0.06851408073107848 -0.08258206884405266
v 0.03826799988746643 0.06847931365812787 -0.09182300326023099
v 0.036354999989271164 0.36849458025207815 -0.08833272004429488
v 0.018533999100327492 0.36847424145862023 -0.09373868150430965
v 0.019509000703692436 0.06845790259311638 -0.09751396976272887
v 0.036354999989271164 0.36849458025207815 -0.08833272004429488
v 0.019509000703692436 0.06845790259311638 -0.09751396976272887
v 0.03826799988746643 0.06847931365812787 -0.09182300326023099
v 0 0.3688247903317048 -0.0005643394927619883
v 0.018533999100327492 0.36847424145862023 -0.09373868150430965
v 0.036354999989271164 0.36849458025207815 -0.08833272004429488
v 0 0.06882690161195884 0.0005643394927619883
v 0.03826799988746643 0.06847931365812787 -0.09182300326023099
v 0.019509000703692436 0.06845790259311638 -0.09751396976272887
v 0.018533999100327492 0.36847424145862023 -0.09373868150430965
v 0 0.3684673753383096 -0.09556366595366297
v 0 0.06845067529279453 -0.09943495426364404
v 0.018533999100327492 0.36847424145862023 -0.09373868150430965
v 0 0.06845067529279453 -0.09943495426364404
v 0.019509000703692436 0.06845790259311638 -0.09751396976272887
v 0 0.3688247903317048 -0.0005643394927619883
v 0 0.3684673753383096 -0.09556366595366297
v 0.018533999100327492 0.36847424145862023 -0.09373868150430965
v 0 0.06882690161195884 0.0005643394927619883
v 0.019509000703692436 0.06845790259311638 -0.09751396976272887
v 0 0.06845067529279453 -0.09943495426364404
v 0 0.3684673753383096 -0.09556366595366297
v -0.018533999100327492 0.36847424145862023 -0.09373868150430965
v -0.019509000703692436 0.06845790259311638 -0.09751396976272887
v 0 0.3684673753383096 -0.09556366595366297
v -0.019509000703692436 0.06845790259311638 -0.09751396976272887
v 0 0.06845067529279453 -0.09943495426364404
v 0 0.3688247903317048 -0.0005643394927619883
v -0.018533999100327492 0.36847424145862023 -0.09373868150430965
v 0 0.3684673753383096 -0.09556366595366297
v 0 0.06882690161195884 0.0005643394927619883
v 0 0.06845067529279453 -0.09943495426364404
v -0.019509000703692436 0.06845790259311638 -0.09751396976272887
v -0.018533999100327492 0.36847424145862023 -0.09373868150430965
v -0.036354999989271164 0.36849458025207815 -0.08833272004429488
v -0.03826799988746643 0.06847931365812787 -0.09182300326023099
v -0.018533999100327492 0.36847424145862023 -0.09373868150430965
v -0.03826799988746643 0.06847931365812787 -0.09182300326023099
v -0.019509000703692436 0.06845790259311638 -0.09751396976272887
v 0 0.3688247903317048 -0.0005643394927619883
v -0.036354999989271164 0.36849458025207815 -0.08833272004429488
v -0.018533999100327492 0.36847424145862023 -0.09373868150430965
v 0 0.06882690161195884 0.0005643394927619883
v -0.019509000703692436 0.06845790259311638 -0.09751396976272887
v -0.03826799988746643 0.06847931365812787 -0.09182300326023099
v -0.036354999989271164 0.36849458025207815 -0.08833272004429488
v -0.052779000252485275 0.3685276091760078 -0.07955377796007204
v -0.0555570013821125 0.06851408073107848 -0.08258206884405266
v -0.036354999989271164 0.36849458025207815 -0.08833272004429488
v -0.0555570013821125 0.06851408073107848 -0.08258206884405266
v -0.03826799988746643 0.06847931365812787 -0.09182300326023099
v 0 0.3688247903317048 -0.0005643394927619883
v -0.052779000252485275 0.3685276091760078 -0.07955377796007204
v -0.036354999989271164 0.36849458025207815 -0.08833272004429488
v 0 0.06882690161195884 0.0005643394927619883
v -0.03826799988746643 0.06847931365812787 -0.09182300326023099
v -0.0555570013821125 0.06851408073107848 -0.08258206884405266
v -0.052779000252485275 0.3685276091760078 -0.07955377796007204
v -0.0671750009059906 0.3685720603021636 -0.06773886497863352
v -0.07071100175380707 0.06856086821678048 -0.07014616181545638
v -0.052779000252485275 0.3685276091760078 -0.07955377796007204
v -0.07071100175380707 0.06856086821678048 -0.07014616181545638
v -0.0555570013821125 0.06851408073107848 -0.08258206884405266
v 0 0.3688247903317048 -0.0005643394927619883
v -0.0671750009059906 0.3685720603021636 -0.06773886497863352
v -0.052779000252485275 0.3685276091760078 -0.07955377796007204
v 0 0.06882690161195884 0.0005643394927619883
v -0.0555570013821125 0.06851408073107848 -0.08258206884405266
v -0.07071100175380707 0.06856086821678048 -0.07014616181545638
v -0.0671750009059906 0.3685720603021636 -0.06773886497863352
v -0.07898999750614166 0.36862622184472205 -0.0533429662104762
v -0.08314699679613113 0.0686178815537355 -0.054992268693729286
v -0.0671750009059906 0.3685720603021636 -0.06773886497863352
v -0.08314699679613113 0.0686178815537355 -0.054992268693729286
v -0.07071100175380707 0.06856086821678048 -0.07014616181545638
v 0 0.3688247903317048 -0.0005643394927619883
v -0.07898999750614166 0.36862622184472205 -0.0533429662104762
v -0.0671750009059906 0.3685720603021636 -0.06773886497863352
v 0 0.06882690161195884 0.0005643394927619883
v -0.07071100175380707 0.06856086821678048 -0.07014616181545638
v -0.08314699679613113 0.0686178815537355 -0.054992268693729286
v -0.07898999750614166 0.36862622184472205 -0.0533429662104762
v -0.08776900172233582 0.36868801325545114 -0.03691908218544676
v -0.09238799661397934 0.0686829273267098 -0.0377033895591731
v -0.07898999750614166 0.36862622184472205 -0.0533429662104762
v -0.09238799661397934 0.0686829273267098 -0.0377033895591731
v -0.08314699679613113 0.0686178815537355 -0.054992268693729286
v 0 0.3688247903317048 -0.0005643394927619883
v -0.08776900172233582 0.36868801325545114 -0.03691908218544676
v -0.07898999750614166 0.36862622184472205 -0.0533429662104762
v 0 0.06882690161195884 0.0005643394927619883
v -0.08314699679613113 0.0686178815537355 -0.054992268693729286
v -0.09238799661397934 0.0686829273267098 -0.0377033895591731
v -0.08776900172233582 0.36868801325545114 -0.03691908218544676
v -0.0931750014424324 0.36875506055013474 -0.019098207421731975
v -0.09807900339365005 0.0687535036177993 -0.018944523139158027
v -0.08776900172233582 0.36868801325545114 -0.03691908218544676
v -0.09807900339365005 0.0687535036177993 -0.018944523139158027
v -0.09238799661397934 0.0686829273267098 -0.0377033895591731
v 0 0.3688247903317048 -0.0005643394927619883
v -0.0931750014424324 0.36875506055013474 -0.019098207421731975
v -0.08776900172233582 0.36868801325545114 -0.03691908218544676
v 0 0.06882690161195884 0.0005643394927619883
v -0.09238799661397934 0.0686829273267098 -0.0377033895591731
v -0.09807900339365005 0.0687535036177993 -0.018944523139158027
v -0.0931750014424324 0.36875506055013474 -0.019098207421731975
v -0.0949999988079071 0.3688247903317048 -0.0005643394927619883
v -0.10000000149011612 0.06882690161195884 0.0005643394927619883
v -0.0931750014424324 0.36875506055013474 -0.019098207421731975
v -0.10000000149011612 0.06882690161195884 0.0005643394927619883
v -0.09807900339365005 0.0687535036177993 -0.018944523139158027
v 0 0.3688247903317048 -0.0005643394927619883
v -0.0949999988079071 0.3688247903317048 -0.0005643394927619883
v -0.0931750014424324 0.36875506055013474 -0.019098207421731975
v 0 0.06882690161195884 0.0005643394927619883
v -0.09807900339365005 0.0687535036177993 -0.018944523139158027
v -0.10000000149011612 0.06882690161195884 0.0005643394927619883
v -0.0949999988079071 0.3688247903317048 -0.0005643394927619883
v -0.0931750014424324 0.36889452011327484 0.017969528436208
v -0.09807900339365005 0.06890029960611838 0.020073202124682003
v -0.0949999988079071 0.3688247903317048 -0.0005643394927619883
v -0.09807900339365005 0.06890029960611838 0.020073202124682003
v -0.10000000149011612 0.06882690161195884 0.0005643394927619883
v 0 0.3688247903317048 -0.0005643394927619883
v -0.0931750014424324 0.36889452011327484 0.017969528436208
v -0.0949999988079071 0.3688247903317048 -0.0005643394927619883
v 0 0.06882690161195884 0.0005643394927619883
v -0.10000000149011612 0.06882690161195884 0.0005643394927619883
v -0.09807900339365005 0.06890029960611838 0.020073202124682003
v -0.0931750014424324 0.36889452011327484 0.017969528436208
v -0.08776900172233582 0.3689615674079585 0.035790403199922785
v -0.09238799661397934 0.06897087589720788 0.038832068544697076
v -0.0931750014424324 0.36889452011327484 0.017969528436208
v -0.09238799661397934 0.06897087589720788 0.038832068544697076
v -0.09807900339365005 0.06890029960611838 0.020073202124682003
v 0 0.3688247903317048 -0.0005643394927619883
v -0.08776900172233582 0.3689615674079585 0.035790403199922785
v -0.0931750014424324 0.36889452011327484 0.017969528436208
v 0 0.06882690161195884 0.0005643394927619883
v -0.09807900339365005 0.06890029960611838 0.020073202124682003
v -0.09238799661397934 0.06897087589720788 0.038832068544697076
v -0.08776900172233582 0.3689615674079585 0.035790403199922785
v -0.07898999750614166 0.36902335881868753 0.05221428722495222
v -0.08314699679613113 0.06903592167018219 0.05612094767925326
v -0.08776900172233582 0.3689615674079585 0.035790403199922785
v -0.08314699679613113 0.06903592167018219 0.05612094767925326
v -0.09238799661397934 0.06897087589720788 0.038832068544697076
v 0 0.3688247903317048 -0.0005643394927619883
v -0.07898999750614166 0.36902335881868753 0.05221428722495222
v -0.08776900172233582 0.3689615674079585 0.035790403199922785
v 0 0.06882690161195884 0.0005643394927619883
v -0.09238799661397934 0.06897087589720788 0.038832068544697076
v -0.08314699679613113 0.06903592167018219 0.05612094767925326
v -0.07898999750614166 0.36902335881868753 0.05221428722495222
v -0.0671750009059906 0.3690775203612461 0.06661018599310953
v -0.07071100175380707 0.0690929350071372 0.07127484080098037
v -0.07898999750614166 0.36902335881868753 0.05221428722495222
v -0.07071100175380707 0.0690929350071372 0.07127484080098037
v -0.08314699679613113 0.06903592167018219 0.05612094767925326
v 0 0.3688247903317048 -0.0005643394927619883
v -0.0671750009059906 0.3690775203612461 0.06661018599310953
v -0.07898999750614166 0.36902335881868753 0.05221428722495222
v 0 0.06882690161195884 0.0005643394927619883
v -0.08314699679613113 0.06903592167018219 0.05612094767925326
v -0.07071100175380707 0.0690929350071372 0.07127484080098037
v -0.0671750009059906 0.3690775203612461 0.06661018599310953
v -0.052779000252485275 0.3691219714874018 0.07842509897454805
v -0.0555570013821125 0.0691397224928392 0.08371074782957665
v -0.0671750009059906 0.3690775203612461 0.06661018599310953
v -0.0555570013821125 0.0691397224928392 0.08371074782957665
v -0.07071100175380707 0.0690929350071372 0.07127484080098037
v 0 0.3688247903317048 -0.0005643394927619883
v -0.052779000252485275 0.3691219714874018 0.07842509897454805
v -0.0671750009059906 0.3690775203612461 0.06661018599310953
v 0 0.06882690161195884 0.0005643394927619883
v -0.07071100175380707 0.0690929350071372 0.07127484080098037
v -0.0555570013821125 0.0691397224928392 0.08371074782957665
v -0.052779000252485275 0.3691219714874018 0.07842509897454805
v -0.036354999989271164 0.36915500041133154 0.08720404105877089
v -0.03826799988746643 0.06917448956578981 0.09295168224575498
v -0.052779000252485275 0.3691219714874018 0.07842509897454805
v -0.03826799988746643 0.06917448956578981 0.09295168224575498
v -0.0555570013821125 0.0691397224928392 0.08371074782957665
v 0 0.3688247903317048 -0.0005643394927619883
v -0.036354999989271164 0.36915500041133154 0.08720404105877089
v -0.052779000252485275 0.3691219714874018 0.07842509897454805
v 0 0.06882690161195884 0.0005643394927619883
v -0.0555570013821125 0.0691397224928392 0.08371074782957665
v -0.03826799988746643 0.06917448956578981 0.09295168224575498
v -0.036354999989271164 0.36915500041133154 0.08720404105877089
v -0.018533999100327492 0.3691753392047894 0.09261000251878566
v -0.019509000703692436 0.0691959006308013 0.09864264874825286
v -0.036354999989271164 0.36915500041133154 0.08720404105877089
v -0.019509000703692436 0.0691959006308013 0.09864264874825286
v -0.03826799988746643 0.06917448956578981 0.09295168224575498
v 0 0.3688247903317048 -0.0005643394927619883
v -0.018533999100327492 0.3691753392047894 0.09261000251878566
v -0.036354999989271164 0.36915500041133154 0.08720404105877089
v 0 0.06882690161195884 0.0005643394927619883
v -0.03826799988746643 0.06917448956578981 0.09295168224575498
v -0.019509000703692436 0.0691959006308013 0.09864264874825286
v -0.018533999100327492 0.3691753392047894 0.09261000251878566
v 0 0.36918220532510004 0.09443498696813898
v 0 0.06920312793112315 0.10056363324916803
v -0.018533999100327492 0.3691753392047894 0.09261000251878566
v 0 0.06920312793112315 0.10056363324916803
v -0.019509000703692436 0.0691959006308013 0.09864264874825286
v 0 0.3688247903317048 -0.0005643394927619883
v 0 0.36918220532510004 0.09443498696813898
v -0.018533999100327492 0.3691753392047894 0.09261000251878566
v 0 0.06882690161195884 0.0005643394927619883
v -0.019509000703692436 0.0691959006308013 0.09864264874825286
v 0 0.06920312793112315 0.10056363324916803
v 0 0.36918220532510004 0.09443498696813898
v 0.018533999100327492 0.3691753392047894 0.09261000251878566
v 0.019509000703692436 0.0691959006308013 0.09864264874825286
v 0 0.36918220532510004 0.09443498696813898
v 0.019509000703692436 0.0691959006308013 0.09864264874825286
v 0 0.06920312793112315 0.10056363324916803
v 0 0.3688247903317048 -0.0005643394927619883
v 0.018533999100327492 0.3691753392047894 0.09261000251878566
v 0 0.36918220532510004 0.09443498696813898
v 0 0.06882690161195884 0.0005643394927619883
v 0 0.06920312793112315 0.10056363324916803
v 0.019509000703692436 0.0691959006308013 0.09864264874825286
v 0.018533999100327492 0.3691753392047894 0.09261000251878566
v 0.036354999989271164 0.36915500041133154 0.08720404105877089
v 0.03826799988746643 0.06917448956578981 0.09295168224575498
v 0.018533999100327492 0.3691753392047894 0.09261000251878566
v 0.03826799988746643 0.06917448956578981 0.09295168224575498
v 0.019509000703692436 0.0691959006308013 0.09864264874825286
v 0 0.3688247903317048 -0.0005643394927619883
v 0.036354999989271164 0.36915500041133154 0.08720404105877089
v 0.018533999100327492 0.3691753392047894 0.09261000251878566
v 0 0.06882690161195884 0.0005643394927619883
v 0.019509000703692436 0.0691959006308013 0.09864264874825286
v 0.03826799988746643 0.06917448956578981 0.09295168224575498
v 0.036354999989271164 0.36915500041133154 0.08720404105877089
v 0.052779000252485275 0.3691219714874018 0.07842509897454805
v 0.0555570013821125 0.0691397224928392 0.08371074782957665
v 0.036354999989271164 0.36915500041133154 0.08720404105877089
v 0.0555570013821125 0.0691397224928392 0.08371074782957665
v 0.03826799988746643 0.06917448956578981 0.09295168224575498
v 0 0.3688247903317048 -0.0005643394927619883
v 0.052779000252485275 0.3691219714874018 0.07842509897454805
v 0.036354999989271164 0.36915500041133154 0.08720404105877089
v 0 0.06882690161195884 0.0005643394927619883
v 0.03826799988746643 0.06917448956578981 0.09295168224575498
v 0.0555570013821125 0.0691397224928392 0.08371074782957665
v 0.052779000252485275 0.3691219714874018 0.07842509897454805
v 0.0671750009059906 0.3690775203612461 0.06661018599310953
v 0.07071100175380707 0.0690929350071372 0.07127484080098037
v 0.052779000252485275 0.3691219714874018 0.07842509897454805
v 0.07071100175380707 0.0690929350071372 0.07127484080098037
v 0.0555570013821125 0.0691397224928392 0.08371074782957665
v 0 0.3688247903317048 -0.0005643394927619883
v 0.0671750009059906 0.3690775203612461 0.06661018599310953
v 0.052779000252485275 0.3691219714874018 0.07842509897454805
v 0 0.06882690161195884 0.0005643394927619883
v 0.0555570013821125 0.0691397224928392 0.08371074782957665
v 0.07071100175380707 0.0690929350071372 0.07127484080098037
v 0.0671750009059906 0.3690775203612461 0.06661018599310953
v 0.07898999750614166 0.36902335881868753 0.05221428722495222
v 0.08314699679613113 0.06903592167018219 0.05612094767925326
v 0.0671750009059906 0.3690775203612461 0.06661018599310953
v 0.08314699679613113 0.06903592167018219 0.05612094767925326
v 0.07071100175380707 0.0690929350071372 0.07127484080098037
v 0 0.3688247903317048 -0.0005643394927619883
v 0.07898999750614166 0.36902335881868753 0.05221428722495222
v 0.0671750009059906 0.3690775203612461 0.06661018599310953
v 0 0.06882690161195884 0.0005643394927619883
v 0.07071100175380707 0.0690929350071372 0.07127484080098037
v 0.08314699679613113 0.06903592167018219 0.05612094767925326
v 0.07898999750614166 0.36902335881868753 0.05221428722495222
v 0.08776900172233582 0.3689615674079585 0.035790403199922785
v 0.09238799661397934 0.06897087589720788 0.038832068544697076
v 0.07898999750614166 0.36902335881868753 0.05221428722495222
v 0.09238799661397934 0.06897087589720788 0.038832068544697076
v 0.08314699679613113 0.06903592167018219 0.05612094767925326
v 0 0.3688247903317048 -0.0005643394927619883
v 0.08776900172233582 0.3689615674079585 0.035790403199922785
v 0.07898999750614166 0.36902335881868753 0.05221428722495222
v 0 0.06882690161195884 0.0005643394927619883
v 0.08314699679613113 0.06903592167018219 0.05612094767925326
v 0.09238799661397934 0.06897087589720788 0.038832068544697076
v 0.08776900172233582 0.3689615674079585 0.035790403199922785
v 0.0931750014424324 0.36889452011327484 0.017969528436208
v 0.09807900339365005 0.06890029960611838 0.020073202124682003
v 0.08776900172233582 0.3689615674079585 0.035790403199922785
v 0.09807900339365005 0.06890029960611838 0.020073202124682003
v 0.09238799661397934 0.06897087589720788 0.038832068544697076
v 0 0.3688247903317048 -0.0005643394927619883
v 0.0931750014424324 0.36889452011327484 0.017969528436208
v 0.08776900172233582 0.3689615674079585 0.035790403199922785
v 0 0.06882690161195884 0.0005643394927619883
v 0.09238799661397934 0.06897087589720788 0.038832068544697076
v 0.09807900339365005 0.06890029960611838 0.020073202124682003
v 0.0931750014424324 0.36889452011327484 0.017969528436208
v 0.0949999988079071 0.3688247903317048 -0.0005643394927619883
v 0.10000000149011612 0.06882690161195884 0.0005643394927619883
v 0.0931750014424324 0.36889452011327484 0.017969528436208
v 0.10000000149011612 0.06882690161195884 0.0005643394927619883
v 0.09807900339365005 0.06890029960611838 0.020073202124682003
v 0 0.3688247903317048 -0.0005643394927619883
v 0.0949999988079071 0.3688247903317048 -0.0005643394927619883
v 0.0931750014424324 0.36889452011327484 0.017969528436208
v 0 0.06882690161195884 0.0005643394927619883
v 0.09807900339365005 0.06890029960611838 0.020073202124682003
v 0.10000000149011612 0.06882690161195884 0.0005643394927619883
v 0.08500000089406967 0.38382468476769216 -0.0006207734420381871
v 0.0833669975399971 0.38376229516045324 -0.01720365545700596
v 0.0833669975399971 0.368762400724466 -0.017147221507729758
v 0.08500000089406967 0.38382468476769216 -0.0006207734420381871
v 0.0833669975399971 0.368762400724466 -0.017147221507729758
v 0.08500000089406967 0.3688247903317048 -0.0005643394927619883
v 0 0.38382468476769216 -0.0006207734420381871
v 0.0833669975399971 0.38376229516045324 -0.01720365545700596
v 0.08500000089406967 0.38382468476769216 -0.0006207734420381871
v 0 0.3688247903317048 -0.0005643394927619883
v 0.08500000089406967 0.3688247903317048 -0.0005643394927619883
v 0.0833669975399971 0.368762400724466 -0.017147221507729758
v 0.0833669975399971 0.38376229516045324 -0.01720365545700596
v 0.07852999866008759 0.3837023058655892 -0.0331485450454882
v 0.07852999866008759 0.3687024114296018 -0.033092111096212
v 0.0833669975399971 0.38376229516045324 -0.01720365545700596
v 0.07852999866008759 0.3687024114296018 -0.033092111096212
v 0.0833669975399971 0.368762400724466 -0.017147221507729758
v 0 0.38382468476769216 -0.0006207734420381871
v 0.07852999866008759 0.3837023058655892 -0.0331485450454882
v 0.0833669975399971 0.38376229516045324 -0.01720365545700596
v 0 0.3688247903317048 -0.0005643394927619883
v 0.0833669975399971 0.368762400724466 -0.017147221507729758
v 0.07852999866008759 0.3687024114296018 -0.033092111096212
v 0.07852999866008759 0.3837023058655892 -0.0331485450454882
v 0.07067500054836273 0.38364701940917506 -0.047843440947462214
v 0.07067500054836273 0.36864712497318775 -0.04778700699818601
v 0.07852999866008759 0.3837023058655892 -0.0331485450454882
v 0.07067500054836273 0.36864712497318775 -0.04778700699818601
v 0.07852999866008759 0.3687024114296018 -0.033092111096212
v 0 0.38382468476769216 -0.0006207734420381871
v 0.07067500054836273 0.38364701940917506 -0.047843440947462214
v 0.07852999866008759 0.3837023058655892 -0.0331485450454882
v 0 0.3688247903317048 -0.0005643394927619883
v 0.07852999866008759 0.3687024114296018 -0.033092111096212
v 0.07067500054836273 0.36864712497318775 -0.04778700699818601
v 0.07067500054836273 0.38364701940917506 -0.047843440947462214
v 0.06010400131344795 0.38359855769924966 -0.06072434937921408
v 0.06010400131344795 0.3685986632632623 -0.06066791542993788
v 0.07067500054836273 0.38364701940917506 -0.047843440947462214
v 0.06010400131344795 0.3685986632632623 -0.06066791542993788
v 0.07067500054836273 0.36864712497318775 -0.04778700699818601
v 0 0.38382468476769216 -0.0006207734420381871
v 0.06010400131344795 0.38359855769924966 -0.06072434937921408
v 0.07067500054836273 0.38364701940917506 -0.047843440947462214
v 0 0.3688247903317048 -0.0005643394927619883
v 0.07067500054836273 0.36864712497318775 -0.04778700699818601
v 0.06010400131344795 0.3685986632632623 -0.06066791542993788
v 0.06010400131344795 0.38359855769924966 -0.06072434937921408
v 0.04722300171852112 0.38355878681852185 -0.07129527379960489
v 0.04722300171852112 0.36855889238253453 -0.0712388398503287
v 0.06010400131344795 0.38359855769924966 -0.06072434937921408
v 0.04722300171852112 0.36855889238253453 -0.0712388398503287
v 0.06010400131344795 0.3685986632632623 -0.06066791542993788
v 0 0.38382468476769216 -0.0006207734420381871
v 0.04722300171852112 0.38355878681852185 -0.07129527379960489
v 0.06010400131344795 0.38359855769924966 -0.06072434937921408
v 0 0.3688247903317048 -0.0005643394927619883
v 0.06010400131344795 0.3685986632632623 -0.06066791542993788
v 0.04722300171852112 0.36855889238253453 -0.0712388398503287
v 0.04722300171852112 0.38355878681852185 -0.07129527379960489
v 0.03252800181508064 0.38352923424869606 -0.07915021631886102
v 0.03252800181508064 0.36852933981270874 -0.07909378236958482
v 0.04722300171852112 0.38355878681852185 -0.07129527379960489
v 0.03252800181508064 0.36852933981270874 -0.07909378236958482
v 0.04722300171852112 0.36855889238253453 -0.0712388398503287
v 0 0.38382468476769216 -0.0006207734420381871
v 0.03252800181508064 0.38352923424869606 -0.07915021631886102
v 0.04722300171852112 0.38355878681852185 -0.07129527379960489
v 0 0.3688247903317048 -0.0005643394927619883
v 0.04722300171852112 0.36855889238253453 -0.0712388398503287
v 0.03252800181508064 0.36852933981270874 -0.07909378236958482
v 0.03252800181508064 0.38352923424869606 -0.07915021631886102
v 0.016582999378442764 0.38351103618612337 -0.0839871809656994
v 0.016582999378442764 0.368511141750136 -0.08393074701642321
v 0.03252800181508064 0.38352923424869606 -0.07915021631886102
v 0.016582999378442764 0.368511141750136 -0.08393074701642321
v 0.03252800181508064 0.36852933981270874 -0.07909378236958482
v 0 0.38382468476769216 -0.0006207734420381871
v 0.016582999378442764 0.38351103618612337 -0.0839871809656994
v 0.03252800181508064 0.38352923424869606 -0.07915021631886102
v 0 0.3688247903317048 -0.0005643394927619883
v 0.03252800181508064 0.36852933981270874 -0.07909378236958482
v 0.016582999378442764 0.368511141750136 -0.08393074701642321
v 0.016582999378442764 0.38351103618612337 -0.0839871809656994
v 0 0.38350489239780405 -0.08562017276245693
v 0 0.3685049979618167 -0.08556373881318073
v 0.016582999378442764 0.38351103618612337 -0.0839871809656994
v 0 0.3685049979618167 -0.08556373881318073
v 0.016582999378442764 0.368511141750136 -0.08393074701642321
v 0 0.38382468476769216 -0.0006207734420381871
v 0 0.38350489239780405 -0.08562017276245693
v 0.016582999378442764 0.38351103618612337 -0.0839871809656994
v 0 0.3688247903317048 -0.0005643394927619883
v 0.016582999378442764 0.368511141750136 -0.08393074701642321
v 0 0.3685049979618167 -0.08556373881318073
v 0 0.38350489239780405 -0.08562017276245693
v -0.016582999378442764 0.38351103618612337 -0.0839871809656994
v -0.016582999378442764 0.368511141750136 -0.08393074701642321
v 0 0.38350489239780405 -0.08562017276245693
v -0.016582999378442764 0.368511141750136 -0.08393074701642321
v 0 0.3685049979618167 -0.08556373881318073
v 0 0.38382468476769216 -0.0006207734420381871
v -0.016582999378442764 0.38351103618612337 -0.0839871809656994
v 0 0.38350489239780405 -0.08562017276245693
v 0 0.3688247903317048 -0.0005643394927619883
v 0 0.3685049979618167 -0.08556373881318073
v -0.016582999378442764 0.368511141750136 -0.08393074701642321
v -0.016582999378442764 0.38351103618612337 -0.0839871809656994
v -0.03252800181508064 0.38352923424869606 -0.07915021631886102
v -0.03252800181508064 0.36852933981270874 -0.07909378236958482
v -0.016582999378442764 0.38351103618612337 -0.0839871809656994
v -0.03252800181508064 0.36852933981270874 -0.07909378236958482
v -0.016582999378442764 0.368511141750136 -0.08393074701642321
v 0 0.38382468476769216 -0.0006207734420381871
v -0.03252800181508064 0.38352923424869606 -0.07915021631886102
v -0.016582999378442764 0.38351103618612337 -0.0839871809656994
v 0 0.3688247903317048 -0.0005643394927619883
v -0.016582999378442764 0.368511141750136 -0.08393074701642321
v -0.03252800181508064 0.36852933981270874 -0.07909378236958482
v -0.03252800181508064 0.38352923424869606 -0.07915021631886102
v -0.04722300171852112 0.38355878681852185 -0.07129527379960489
v -0.04722300171852112 0.36855889238253453 -0.0712388398503287
v -0.03252800181508064 0.38352923424869606 -0.07915021631886102
v -0.04722300171852112 0.36855889238253453 -0.0712388398503287
v -0.03252800181508064 0.36852933981270874 -0.07909378236958482
v 0 0.38382468476769216 -0.0006207734420381871
v -0.04722300171852112 0.38355878681852185 -0.07129527379960489
v -0.03252800181508064 0.38352923424869606 -0.07915021631886102
v 0 0.3688247903317048 -0.0005643394927619883
v -0.03252800181508064 0.36852933981270874 -0.07909378236958482
v -0.04722300171852112 0.36855889238253453 -0.0712388398503287
v -0.04722300171852112 0.38355878681852185 -0.07129527379960489
v -0.06010400131344795 0.38359855769924966 -0.06072434937921408
v -0.06010400131344795 0.3685986632632623 -0.06066791542993788
v -0.04722300171852112 0.38355878681852185 -0.07129527379960489
v -0.06010400131344795 0.3685986632632623 -0.06066791542993788
v -0.04722300171852112 0.36855889238253453 -0.0712388398503287
v 0 0.38382468476769216 -0.0006207734420381871
v -0.06010400131344795 0.38359855769924966 -0.06072434937921408
v -0.04722300171852112 0.38355878681852185 -0.07129527379960489
v 0 0.3688247903317048 -0.0005643394927619883
v -0.04722300171852112 0.36855889238253453 -0.0712388398503287
v -0.06010400131344795 0.3685986632632623 -0.06066791542993788
v -0.06010400131344795 0.38359855769924966 -0.06072434937921408
v -0.07067500054836273 0.38364701940917506 -0.047843440947462214
v -0.07067500054836273 0.36864712497318775 -0.04778700699818601
v -0.06010400131344795 0.38359855769924966 -0.06072434937921408
v -0.07067500054836273 0.36864712497318775 -0.04778700699818601
v -0.06010400131344795 0.3685986632632623 -0.06066791542993788
v 0 0.38382468476769216 -0.0006207734420381871
v -0.07067500054836273 0.38364701940917506 -0.047843440947462214
v -0.06010400131344795 0.38359855769924966 -0.06072434937921408
v 0 0.3688247903317048 -0.0005643394927619883
v -0.06010400131344795 0.3685986632632623 -0.06066791542993788
v -0.07067500054836273 0.36864712497318775 -0.04778700699818601
v -0.07067500054836273 0.38364701940917506 -0.047843440947462214
v -0.07852999866008759 0.3837023058655892 -0.0331485450454882
v -0.07852999866008759 0.3687024114296018 -0.033092111096212
v -0.07067500054836273 0.38364701940917506 -0.047843440947462214
v -0.07852999866008759 0.3687024114296018 -0.033092111096212
v -0.07067500054836273 0.36864712497318775 -0.04778700699818601
v 0 0.38382468476769216 -0.0006207734420381871
v -0.07852999866008759 0.3837023058655892 -0.0331485450454882
v -0.07067500054836273 0.38364701940917506 -0.047843440947462214
v 0 0.3688247903317048 -0.0005643394927619883
v -0.07067500054836273 0.36864712497318775 -0.04778700699818601
v -0.07852999866008759 0.3687024114296018 -0.033092111096212
v -0.07852999866008759 0.3837023058655892 -0.0331485450454882
v -0.0833669975399971 0.38376229516045324 -0.01720365545700596
v -0.0833669975399971 0.368762400724466 -0.017147221507729758
v -0.07852999866008759 0.3837023058655892 -0.0331485450454882
v -0.0833669975399971 0.368762400724466 -0.017147221507729758
v -0.07852999866008759 0.3687024114296018 -0.033092111096212
v 0 0.38382468476769216 -0.0006207734420381871
v -0.0833669975399971 0.38376229516045324 -0.01720365545700596
v -0.07852999866008759 0.3837023058655892 -0.0331485450454882
v 0 0.3688247903317048 -0.0005643394927619883
v -0.07852999866008759 0.3687024114296018 -0.033092111096212
v -0.0833669975399971 0.368762400724466 -0.017147221507729758
v -0.0833669975399971 0.38376229516045324 -0.01720365545700596
v -0.08500000089406967 0.38382468476769216 -0.0006207734420381871
v -0.08500000089406967 0.3688247903317048 -0.0005643394927619883
v -0.0833669975399971 0.38376229516045324 -0.01720365545700596
v -0.08500000089406967 0.3688247903317048 -0.0005643394927619883
v -0.0833669975399971 0.368762400724466 -0.017147221507729758
v 0 0.38382468476769216 -0.0006207734420381871
v -0.08500000089406967 0.38382468476769216 -0.0006207734420381871
v -0.0833669975399971 0.38376229516045324 -0.01720365545700596
v 0 0.3688247903317048 -0.0005643394927619883
v -0.0833669975399971 0.368762400724466 -0.017147221507729758
v -0.08500000089406967 0.3688247903317048 -0.0005643394927619883
v -0.08500000089406967 0.38382468476769216 -0.0006207734420381871
v -0.0833669975399971 0.38388707437493097 0.01596210857292958
v -0.0833669975399971 0.3688871799389437 0.016018542522205782
v -0.08500000089406967 0.38382468476769216 -0.0006207734420381871
v -0.0833669975399971 0.3688871799389437 0.016018542522205782
v -0.08500000089406967 0.3688247903317048 -0.0005643394927619883
v 0 0.38382468476769216 -0.0006207734420381871
v -0.0833669975399971 0.38388707437493097 0.01596210857292958
v -0.08500000089406967 0.38382468476769216 -0.0006207734420381871
v 0 0.3688247903317048 -0.0005643394927619883
v -0.08500000089406967 0.3688247903317048 -0.0005643394927619883
v -0.0833669975399971 0.3688871799389437 0.016018542522205782
v -0.0833669975399971 0.38388707437493097 0.01596210857292958
v -0.07852999866008759 0.38394706366979514 0.03190699816141182
v -0.07852999866008759 0.36894716923380777 0.03196343211068802
v -0.0833669975399971 0.38388707437493097 0.01596210857292958
v -0.07852999866008759 0.36894716923380777 0.03196343211068802
v -0.0833669975399971 0.3688871799389437 0.016018542522205782
v 0 0.38382468476769216 -0.0006207734420381871
v -0.07852999866008759 0.38394706366979514 0.03190699816141182
v -0.0833669975399971 0.38388707437493097 0.01596210857292958
v 0 0.3688247903317048 -0.0005643394927619883
v -0.0833669975399971 0.3688871799389437 0.016018542522205782
v -0.07852999866008759 0.36894716923380777 0.03196343211068802
v -0.07852999866008759 0.38394706366979514 0.03190699816141182
v -0.07067500054836273 0.3840023501262092 0.046601894063385836
v -0.07067500054836273 0.3690024556902219 0.04665832801266204
v -0.07852999866008759 0.38394706366979514 0.03190699816141182
v -0.07067500054836273 0.3690024556902219 0.04665832801266204
v -0.07852999866008759 0.36894716923380777 0.03196343211068802
v 0 0.38382468476769216 -0.0006207734420381871
v -0.07067500054836273 0.3840023501262092 0.046601894063385836
v -0.07852999866008759 0.38394706366979514 0.03190699816141182
v 0 0.3688247903317048 -0.0005643394927619883
v -0.07852999866008759 0.36894716923380777 0.03196343211068802
v -0.07067500054836273 0.3690024556902219 0.04665832801266204
v -0.07067500054836273 0.3840023501262092 0.046601894063385836
v -0.06010400131344795 0.38405081183613465 0.0594828024951377
v -0.06010400131344795 0.3690509174001473 0.059539236444413904
v -0.07067500054836273 0.3840023501262092 0.046601894063385836
v -0.06010400131344795 0.3690509174001473 0.059539236444413904
v -0.07067500054836273 0.3690024556902219 0.04665832801266204
v 0 0.38382468476769216 -0.0006207734420381871
v -0.06010400131344795 0.38405081183613465 0.0594828024951377
v -0.07067500054836273 0.3840023501262092 0.046601894063385836
v 0 0.3688247903317048 -0.0005643394927619883
v -0.07067500054836273 0.3690024556902219 0.04665832801266204
v -0.06010400131344795 0.3690509174001473 0.059539236444413904
v -0.06010400131344795 0.38405081183613465 0.0594828024951377
v -0.04722300171852112 0.3840905827168624 0.07005372691552851
v -0.04722300171852112 0.3690906882808751 0.0701101608648047
v -0.06010400131344795 0.38405081183613465 0.0594828024951377
v -0.04722300171852112 0.3690906882808751 0.0701101608648047
v -0.06010400131344795 0.3690509174001473 0.059539236444413904
v 0 0.38382468476769216 -0.0006207734420381871
v -0.04722300171852112 0.3840905827168624 0.07005372691552851
v -0.06010400131344795 0.38405081183613465 0.0594828024951377
v 0 0.3688247903317048 -0.0005643394927619883
v -0.06010400131344795 0.3690509174001473 0.059539236444413904
v -0.04722300171852112 0.3690906882808751 0.0701101608648047
v -0.04722300171852112 0.3840905827168624 0.07005372691552851
v -0.03252800181508064 0.3841201352866882 0.07790866943478464
v -0.03252800181508064 0.3691202408507009 0.07796510338406083
v -0.04722300171852112 0.3840905827168624 0.07005372691552851
v -0.03252800181508064 0.3691202408507009 0.07796510338406083
v -0.04722300171852112 0.3690906882808751 0.0701101608648047
v 0 0.38382468476769216 -0.0006207734420381871
v -0.03252800181508064 0.3841201352866882 0.07790866943478464
v -0.04722300171852112 0.3840905827168624 0.07005372691552851
v 0 0.3688247903317048 -0.0005643394927619883
v -0.04722300171852112 0.3690906882808751 0.0701101608648047
v -0.03252800181508064 0.3691202408507009 0.07796510338406083
v -0.03252800181508064 0.3841201352866882 0.07790866943478464
v -0.016582999378442764 0.38413833334926095 0.08274563408162303
v -0.016582999378442764 0.3691384389132736 0.08280206803089922
v -0.03252800181508064 0.3841201352866882 0.07790866943478464
v -0.016582999378442764 0.3691384389132736 0.08280206803089922
v -0.03252800181508064 0.3691202408507009 0.07796510338406083
v 0 0.38382468476769216 -0.0006207734420381871
v -0.016582999378442764 0.38413833334926095 0.08274563408162303
v -0.03252800181508064 0.3841201352866882 0.07790866943478464
v 0 0.3688247903317048 -0.0005643394927619883
v -0.03252800181508064 0.3691202408507009 0.07796510338406083
v -0.016582999378442764 0.3691384389132736 0.08280206803089922
v -0.016582999378442764 0.38413833334926095 0.08274563408162303
v 0 0.38414447713758026 0.08437862587838055
v 0 0.3691445827015929 0.08443505982765674
v -0.016582999378442764 0.38413833334926095 0.08274563408162303
v 0 0.3691445827015929 0.08443505982765674
v -0.016582999378442764 0.3691384389132736 0.08280206803089922
v 0 0.38382468476769216 -0.0006207734420381871
v 0 0.38414447713758026 0.08437862587838055
v -0.016582999378442764 0.38413833334926095 0.08274563408162303
v 0 0.3688247903317048 -0.0005643394927619883
v -0.016582999378442764 0.3691384389132736 0.08280206803089922
v 0 0.3691445827015929 0.08443505982765674
v 0 0.38414447713758026 0.08437862587838055
v 0.016582999378442764 0.38413833334926095 0.08274563408162303
v 0.016582999378442764 0.3691384389132736 0.08280206803089922
v 0 0.38414447713758026 0.08437862587838055
v 0.016582999378442764 0.3691384389132736 0.08280206803089922
v 0 0.3691445827015929 0.08443505982765674
v 0 0.38382468476769216 -0.0006207734420381871
v 0.016582999378442764 0.38413833334926095 0.08274563408162303
v 0 0.38414447713758026 0.08437862587838055
v 0 0.3688247903317048 -0.0005643394927619883
v 0 0.3691445827015929 0.08443505982765674
v 0.016582999378442764 0.3691384389132736 0.08280206803089922
v 0.016582999378442764 0.38413833334926095 0.08274563408162303
v 0.03252800181508064 0.3841201352866882 0.07790866943478464
v 0.03252800181508064 0.3691202408507009 0.07796510338406083
v 0.016582999378442764 0.38413833334926095 0.08274563408162303
v 0.03252800181508064 0.3691202408507009 0.07796510338406083
v 0.016582999378442764 0.3691384389132736 0.08280206803089922
v 0 0.38382468476769216 -0.0006207734420381871
v 0.03252800181508064 0.3841201352866882 0.07790866943478464
v 0.016582999378442764 0.38413833334926095 0.08274563408162303
v 0 0.3688247903317048 -0.0005643394927619883
v 0.016582999378442764 0.3691384389132736 0.08280206803089922
v 0.03252800181508064 0.3691202408507009 0.07796510338406083
v 0.03252800181508064 0.3841201352866882 0.07790866943478464
v 0.04722300171852112 0.3840905827168624 0.07005372691552851
v 0.04722300171852112 0.3690906882808751 0.0701101608648047
v 0.03252800181508064 0.3841201352866882 0.07790866943478464
v 0.04722300171852112 0.3690906882808751 0.0701101608648047
v 0.03252800181508064 0.3691202408507009 0.07796510338406083
v 0 0.38382468476769216 -0.0006207734420381871
v 0.04722300171852112 0.3840905827168624 0.07005372691552851
v 0.03252800181508064 0.3841201352866882 0.07790866943478464
v 0 0.3688247903317048 -0.0005643394927619883
v 0.03252800181508064 0.3691202408507009 0.07796510338406083
v 0.04722300171852112 0.3690906882808751 0.0701101608648047
v 0.04722300171852112 0.3840905827168624 0.07005372691552851
v 0.06010400131344795 0.38405081183613465 0.0594828024951377
v 0.06010400131344795 0.3690509174001473 0.059539236444413904
v 0.04722300171852112 0.3840905827168624 0.07005372691552851
v 0.06010400131344795 0.3690509174001473 0.059539236444413904
v 0.04722300171852112 0.3690906882808751 0.0701101608648047
v 0 0.38382468476769216 -0.0006207734420381871
v 0.06010400131344795 0.38405081183613465 0.0594828024951377
v 0.04722300171852112 0.3840905827168624 0.07005372691552851
v 0 0.3688247903317048 -0.0005643394927619883
v 0.04722300171852112 0.3690906882808751 0.0701101608648047
v 0.06010400131344795 0.3690509174001473 0.059539236444413904
v 0.06010400131344795 0.38405081183613465 0.0594828024951377
v 0.07067500054836273 0.3840023501262092 0.046601894063385836
v 0.07067500054836273 0.3690024556902219 0.04665832801266204
v 0.06010400131344795 0.38405081183613465 0.0594828024951377
v 0.07067500054836273 0.3690024556902219 0.04665832801266204
v 0.06010400131344795 0.3690509174001473 0.059539236444413904
v 0 0.38382468476769216 -0.0006207734420381871
v 0.07067500054836273 0.3840023501262092 0.046601894063385836
v 0.06010400131344795 0.38405081183613465 0.0594828024951377
v 0 0.3688247903317048 -0.0005643394927619883
v 0.06010400131344795 0.3690509174001473 0.059539236444413904
v 0.07067500054836273 0.3690024556902219 0.04665832801266204
v 0.07067500054836273 0.3840023501262092 0.046601894063385836
v 0.07852999866008759 0.38394706366979514 0.03190699816141182
v 0.07852999866008759 0.36894716923380777 0.03196343211068802
v 0.07067500054836273 0.3840023501262092 0.046601894063385836
v 0.07852999866008759 0.36894716923380777 0.03196343211068802
v 0.07067500054836273 0.3690024556902219 0.04665832801266204
v 0 0.38382468476769216 -0.0006207734420381871
v 0.07852999866008759 0.38394706366979514 0.03190699816141182
v 0.07067500054836273 0.3840023501262092 0.046601894063385836
v 0 0.3688247903317048 -0.0005643394927619883
v 0.07067500054836273 0.3690024556902219 0.04665832801266204
v 0.07852999866008759 0.36894716923380777 0.03196343211068802
v 0.07852999866008759 0.38394706366979514 0.03190699816141182
v 0.0833669975399971 0.38388707437493097 0.01596210857292958
v 0.0833669975399971 0.3688871799389437 0.016018542522205782
v 0.07852999866008759 0.38394706366979514 0.03190699816141182
v 0.0833669975399971 0.3688871799389437 0.016018542522205782
v 0.07852999866008759 0.36894716923380777 0.03196343211068802
v 0 0.38382468476769216 -0.0006207734420381871
v 0.0833669975399971 0.38388707437493097 0.01596210857292958
v 0.07852999866008759 0.38394706366979514 0.03190699816141182
v 0 0.3688247903317048 -0.0005643394927619883
v 0.07852999866008759 0.36894716923380777 0.03196343211068802
v 0.0833669975399971 0.3688871799389437 0.016018542522205782
v 0.0833669975399971 0.38388707437493097 0.01596210857292958
v 0.08500000089406967 0.38382468476769216 -0.0006207734420381871
v 0.08500000089406967 0.3688247903317048 -0.0005643394927619883
v 0.0833669975399971 0.38388707437493097 0.01596210857292958
v 0.08500000089406967 0.3688247903317048 -0.0005643394927619883
v 0.0833669975399971 0.3688871799389437 0.016018542522205782
v 0 0.38382468476769216 -0.0006207734420381871
v 0.08500000089406967 0.38382468476769216 -0.0006207734420381871
v 0.0833669975399971 0.38388707437493097 0.01596210857292958
v 0 0.3688247903317048 -0.0005643394927619883
v 0.0833669975399971 0.3688871799389437 0.016018542522205782
v 0.08500000089406967 0.3688247903317048 -0.0005643394927619883
v 0.05999999865889549 0.06882690161195884 0.0005643394927619883
v 0.0554330013692379 0.06874051628817587 -0.022396497985072285
v 0.04619399830698967 0.048755060188369836 -0.01849427978619132
v 0.05999999865889549 0.06882690161195884 0.0005643394927619883
v 0.04619399830698967 0.048755060188369836 -0.01849427978619132
v 0.05000000074505806 0.048827047330994355 0.0006395847397762236
v 0 0.06882690161195884 0.0005643394927619883
v 0.0554330013692379 0.06874051628817587 -0.022396497985072285
v 0.05999999865889549 0.06882690161195884 0.0005643394927619883
v 0 0.048827047330994355 0.0006395847397762236
v 0.05000000074505806 0.048827047330994355 0.0006395847397762236
v 0.04619399830698967 0.048755060188369836 -0.01849427978619132
v 0.0554330013692379 0.06874051628817587 -0.022396497985072285
v 0.04242600128054619 0.06866728383135093 -0.041861361524675775
v 0.03535500168800354 0.048694032511485186 -0.0347151667289659
v 0.0554330013692379 0.06874051628817587 -0.022396497985072285
v 0.03535500168800354 0.048694032511485186 -0.0347151667289659
v 0.04619399830698967 0.048755060188369836 -0.01849427978619132
v 0 0.06882690161195884 0.0005643394927619883
v 0.04242600128054619 0.06866728383135093 -0.041861361524675775
v 0.0554330013692379 0.06874051628817587 -0.022396497985072285
v 0 0.048827047330994355 0.0006395847397762236
v 0.04619399830698967 0.048755060188369836 -0.01849427978619132
v 0.03535500168800354 0.048694032511485186 -0.0347151667289659
v 0.04242600128054619 0.06866728383135093 -0.041861361524675775
v 0.022960999980568886 0.06861834807441275 -0.05486826955844456
v 0.019133999943733215 0.048653253354078885 -0.04555408663672027
v 0.04242600128054619 0.06866728383135093 -0.041861361524675775
v 0.019133999943733215 0.048653253354078885 -0.04555408663672027
v 0.03535500168800354 0.048694032511485186 -0.0347151667289659
v 0 0.06882690161195884 0.0005643394927619883
v 0.022960999980568886 0.06861834807441275 -0.05486826955844456
v 0.04242600128054619 0.06866728383135093 -0.041861361524675775
v 0 0.048827047330994355 0.0006395847397762236
v 0.03535500168800354 0.048694032511485186 -0.0347151667289659
v 0.019133999943733215 0.048653253354078885 -0.04555408663672027
v 0.022960999980568886 0.06861834807441275 -0.05486826955844456
v 0 0.06860116582886958 -0.059435234525923274
v 0 0.04863893417141221 -0.049360062138426794
v 0.022960999980568886 0.06861834807441275 -0.05486826955844456
v 0 0.04863893417141221 -0.049360062138426794
v 0.019133999943733215 0.048653253354078885 -0.04555408663672027
v 0 0.06882690161195884 0.0005643394927619883
v 0 0.06860116582886958 -0.059435234525923274
v 0.022960999980568886 0.06861834807441275 -0.05486826955844456
v 0 0.048827047330994355 0.0006395847397762236
v 0.019133999943733215 0.048653253354078885 -0.04555408663672027
v 0 0.04863893417141221 -0.049360062138426794
v 0 0.06860116582886958 -0.059435234525923274
v -0.022960999980568886 0.06861834807441275 -0.05486826955844456
v -0.019133999943733215 0.048653253354078885 -0.04555408663672027
v 0 0.06860116582886958 -0.059435234525923274
v -0.019133999943733215 0.048653253354078885 -0.04555408663672027
v 0 0.04863893417141221 -0.049360062138426794
v 0 0.06882690161195884 0.0005643394927619883
v -0.022960999980568886 0.06861834807441275 -0.05486826955844456
v 0 0.06860116582886958 -0.059435234525923274
v 0 0.048827047330994355 0.0006395847397762236
v 0 0.04863893417141221 -0.049360062138426794
v -0.019133999943733215 0.048653253354078885 -0.04555408663672027
v -0.022960999980568886 0.06861834807441275 -0.05486826955844456
v -0.04242600128054619 0.06866728383135093 -0.041861361524675775
v -0.03535500168800354 0.048694032511485186 -0.0347151667289659
v -0.022960999980568886 0.06861834807441275 -0.05486826955844456
v -0.03535500168800354 0.048694032511485186 -0.0347151667289659
v -0.019133999943733215 0.048653253354078885 -0.04555408663672027
v 0 0.06882690161195884 0.0005643394927619883
v -0.04242600128054619 0.06866728383135093 -0.041861361524675775
v -0.022960999980568886 0.06861834807441275 -0.05486826955844456
v 0 0.048827047330994355 0.0006395847397762236
v -0.019133999943733215 0.048653253354078885 -0.04555408663672027
v -0.03535500168800354 0.048694032511485186 -0.0347151667289659
v -0.04242600128054619 0.06866728383135093 -0.041861361524675775
v -0.0554330013692379 0.06874051628817587 -0.022396497985072285
v -0.04619399830698967 0.048755060188369836 -0.01849427978619132
v -0.04242600128054619 0.06866728383135093 -0.041861361524675775
v -0.04619399830698967 0.048755060188369836 -0.01849427978619132
v -0.03535500168800354 0.048694032511485186 -0.0347151667289659
v 0 0.06882690161195884 0.0005643394927619883
v -0.0554330013692379 0.06874051628817587 -0.022396497985072285
v -0.04242600128054619 0.06866728383135093 -0.041861361524675775
v 0 0.048827047330994355 0.0006395847397762236
v -0.03535500168800354 0.048694032511485186 -0.0347151667289659
v -0.04619399830698967 0.048755060188369836 -0.01849427978619132
v -0.0554330013692379 0.06874051628817587 -0.022396497985072285
v -0.05999999865889549 0.06882690161195884 0.0005643394927619883
v -0.05000000074505806 0.048827047330994355 0.0006395847397762236
v -0.0554330013692379 0.06874051628817587 -0.022396497985072285
v -0.05000000074505806 0.048827047330994355 0.0006395847397762236
v -0.04619399830698967 0.048755060188369836 -0.01849427978619132
v 0 0.06882690161195884 0.0005643394927619883
v -0.05999999865889549 0.06882690161195884 0.0005643394927619883
v -0.0554330013692379 0.06874051628817587 -0.022396497985072285
v 0 0.048827047330994355 0.0006395847397762236
v -0.04619399830698967 0.048755060188369836 -0.01849427978619132
v -0.05000000074505806 0.048827047330994355 0.0006395847397762236
v -0.05999999865889549 0.06882690161195884 0.0005643394927619883
v -0.0554330013692379 0.06891328693574181 0.02352517697059626
v -0.04619399830698967 0.048899034473618874 0.01977344926574377
v -0.05999999865889549 0.06882690161195884 0.0005643394927619883
v -0.04619399830698967 0.048899034473618874 0.01977344926574377
v -0.05000000074505806 0.048827047330994355 0.0006395847397762236
v 0 0.06882690161195884 0.0005643394927619883
v -0.0554330013692379 0.06891328693574181 0.02352517697059626
v -0.05999999865889549 0.06882690161195884 0.0005643394927619883
v 0 0.048827047330994355 0.0006395847397762236
v -0.05000000074505806 0.048827047330994355 0.0006395847397762236
v -0.04619399830698967 0.048899034473618874 0.01977344926574377
v -0.0554330013692379 0.06891328693574181 0.02352517697059626
v -0.04242600128054619 0.06898651939256675 0.04299004051019975
v -0.03535500168800354 0.048960062150503525 0.03599433620851835
v -0.0554330013692379 0.06891328693574181 0.02352517697059626
v -0.03535500168800354 0.048960062150503525 0.03599433620851835
v -0.04619399830698967 0.048899034473618874 0.01977344926574377
v 0 0.06882690161195884 0.0005643394927619883
v -0.04242600128054619 0.06898651939256675 0.04299004051019975
v -0.0554330013692379 0.06891328693574181 0.02352517697059626
v 0 0.048827047330994355 0.0006395847397762236
v -0.04619399830698967 0.048899034473618874 0.01977344926574377
v -0.03535500168800354 0.048960062150503525 0.03599433620851835
v -0.04242600128054619 0.06898651939256675 0.04299004051019975
v -0.022960999980568886 0.06903545514950493 0.055996948543968535
v -0.019133999943733215 0.049000841307909826 0.04683325611627272
v -0.04242600128054619 0.06898651939256675 0.04299004051019975
v -0.019133999943733215 0.049000841307909826 0.04683325611627272
v -0.03535500168800354 0.048960062150503525 0.03599433620851835
v 0 0.06882690161195884 0.0005643394927619883
v -0.022960999980568886 0.06903545514950493 0.055996948543968535
v -0.04242600128054619 0.06898651939256675 0.04299004051019975
v 0 0.048827047330994355 0.0006395847397762236
v -0.03535500168800354 0.048960062150503525 0.03599433620851835
v -0.019133999943733215 0.049000841307909826 0.04683325611627272
v -0.022960999980568886 0.06903545514950493 0.055996948543968535
v 0 0.0690526373950481 0.06056391351144725
v 0 0.0490151604905765 0.050639231617979244
v -0.022960999980568886 0.06903545514950493 0.055996948543968535
v 0 0.0490151604905765 0.050639231617979244
v -0.019133999943733215 0.049000841307909826 0.04683325611627272
v 0 0.06882690161195884 0.0005643394927619883
v 0 0.0690526373950481 0.06056391351144725
v -0.022960999980568886 0.06903545514950493 0.055996948543968535
v 0 0.048827047330994355 0.0006395847397762236
v -0.019133999943733215 0.049000841307909826 0.04683325611627272
v 0 0.0490151604905765 0.050639231617979244
v 0 0.0690526373950481 0.06056391351144725
v 0.022960999980568886 0.06903545514950493 0.055996948543968535
v 0.019133999943733215 0.049000841307909826 0.04683325611627272
v 0 0.0690526373950481 0.06056391351144725
v 0.019133999943733215 0.049000841307909826 0.04683325611627272
v 0 0.0490151604905765 0.050639231617979244
v 0 0.06882690161195884 0.0005643394927619883
v 0.022960999980568886 0.06903545514950493 0.055996948543968535
v 0 0.0690526373950481 0.06056391351144725
v 0 0.048827047330994355 0.0006395847397762236
v 0 0.0490151604905765 0.050639231617979244
v 0.019133999943733215 0.049000841307909826 0.04683325611627272
v 0.022960999980568886 0.06903545514950493 0.055996948543968535
v 0.04242600128054619 0.06898651939256675 0.04299004051019975
v 0.03535500168800354 0.048960062150503525 0.03599433620851835
v 0.022960999980568886 0.06903545514950493 0.055996948543968535
v 0.03535500168800354 0.048960062150503525 0.03599433620851835
v 0.019133999943733215 0.049000841307909826 0.04683325611627272
v 0 0.06882690161195884 0.0005643394927619883
v 0.04242600128054619 0.06898651939256675 0.04299004051019975
v 0.022960999980568886 0.06903545514950493 0.055996948543968535
v 0 0.048827047330994355 0.0006395847397762236
v 0.019133999943733215 0.049000841307909826 0.04683325611627272
v 0.03535500168800354 0.048960062150503525 0.03599433620851835
v 0.04242600128054619 0.06898651939256675 0.04299004051019975
v 0.0554330013692379 0.06891328693574181 0.02352517697059626
v 0.04619399830698967 0.048899034473618874 0.01977344926574377
v 0.04242600128054619 0.06898651939256675 0.04299004051019975
v 0.04619399830698967 0.048899034473618874 0.01977344926574377
v 0.03535500168800354 0.048960062150503525 0.03599433620851835
v 0 0.06882690161195884 0.0005643394927619883
v 0.0554330013692379 0.06891328693574181 0.02352517697059626
v 0.04242600128054619 0.06898651939256675 0.04299004051019975
v 0 0.048827047330994355 0.0006395847397762236
v 0.03535500168800354 0.048960062150503525 0.03599433620851835
v 0.04619399830698967 0.048899034473618874 0.01977344926574377
v 0.0554330013692379 0.06891328693574181 0.02352517697059626
v 0.05999999865889549 0.06882690161195884 0.0005643394927619883
v 0.05000000074505806 0.048827047330994355 0.0006395847397762236
v 0.0554330013692379 0.06891328693574181 0.02352517697059626
v 0.05000000074505806 0.048827047330994355 0.0006395847397762236
v 0.04619399830698967 0.048899034473618874 0.01977344926574377
v 0 0.06882690161195884 0.0005643394927619883
v 0.05999999865889549 0.06882690161195884 0.0005643394927619883
v 0.0554330013692379 0.06891328693574181 0.02352517697059626
v 0 0.048827047330994355 0.0006395847397762236
v 0.04619399830698967 0.048899034473618874 0.01977344926574377
v 0.05000000074505806 0.048827047330994355 0.0006395847397762236
vn -0.9950501642168527 -0.016215444178504783 0.09804198112088648
vn -0.9950501642168527 -0.016215444178504783 0.09804198112088648
vn -0.9950501642168527 -0.016215444178504783 0.09804198112088648
vn -0.9950501943371783 -0.01621542532966999 0.09804167853990407
vn -0.9950501943371783 -0.01621542532966999 0.09804167853990407
vn -0.9950501943371783 -0.01621542532966999 0.09804167853990407
vn 0 -0.9999929226630051 0.0037622631355810187
vn 0 -0.9999929226630051 0.0037622631355810187
vn 0 -0.9999929226630051 0.0037622631355810187
vn 0 0.9999929226630051 -0.0037622631355810187
vn 0 0.9999929226630051 -0.0037622631355810187
vn 0 0.9999929226630051 -0.0037622631355810187
vn -0.9568078850013342 -0.01549035898242306 0.2903079743614859
vn -0.9568078850013342 -0.01549035898242306 0.2903079743614859
vn -0.9568078850013342 -0.01549035898242306 0.2903079743614859
vn -0.9568013738277956 -0.015491702374233222 0.2903293615857532
vn -0.9568013738277956 -0.015491702374233222 0.2903293615857532
vn -0.9568013738277956 -0.015491702374233222 0.2903293615857532
vn 0 -0.9999929226630051 0.0037622631355810187
vn 0 -0.9999929226630051 0.0037622631355810187
vn 0 -0.9999929226630051 0.0037622631355810187
vn 0 0.9999929226630051 -0.0037622631355810187
vn 0 0.9999929226630051 -0.0037622631355810187
vn 0 0.9999929226630051 -0.0037622631355810187
vn -0.8817957618914375 -0.01480993516945748 0.47139887582659307
vn -0.8817957618914375 -0.01480993516945748 0.47139887582659307
vn -0.8817957618914375 -0.01480993516945748 0.47139887582659307
vn -0.881803457600438 -0.014808951839993258 0.47138451089244876
vn -0.881803457600438 -0.014808951839993258 0.47138451089244876
vn -0.881803457600438 -0.014808951839993258 0.47138451089244876
vn 0 -0.9999929226630051 0.0037622631355810187
vn 0 -0.9999929226630051 0.0037622631355810187
vn 0 -0.9999929226630051 0.0037622631355810187
vn 0 0.9999929226630051 -0.0037622631355810187
vn 0 0.9999929226630051 -0.0037622631355810187
vn 0 0.9999929226630051 -0.0037622631355810187
vn -0.7728907269321297 -0.014199744953017592 0.634380242020189
vn -0.7728907269321297 -0.014199744953017592 0.634380242020189
vn -0.7728907269321297 -0.014199744953017592 0.634380242020189
vn -0.772918325188375 -0.014197107083068079 0.634346675516211
vn -0.772918325188375 -0.014197107083068079 0.634346675516211
vn -0.772918325188375 -0.014197107083068079 0.634346675516211
vn 0 -0.9999929226630051 0.0037622631355810187
vn 0 -0.9999929226630051 0.0037622631355810187
vn 0 -0.9999929226630051 0.0037622631355810187
vn 0 0.9999929226630051 -0.0037622631355810187
vn 0 0.9999929226630051 -0.0037622631355810187
vn 0 0.9999929226630051 -0.0037622631355810187
vn -0.6343223589446407 -0.013675579895383101 0.7729476848127764
vn -0.6343223589446407 -0.013675579895383101 0.7729476848127764
vn -0.6343223589446407 -0.013675579895383101 0.7729476848127764
vn -0.6342887380419846 -0.01367824035481765 0.7729752276327507
vn -0.6342887380419846 -0.01367824035481765 0.7729752276327507
vn -0.6342887380419846 -0.01367824035481765 0.7729752276327507
vn 0 -0.9999929226630051 0.0037622631355810187
vn 0 -0.9999929226630051 0.0037622631355810187
vn 0 -0.9999929226630051 0.0037622631355810187
vn 0 0.9999929226630051 -0.0037622631355810187
vn 0 0.9999929226630051 -0.0037622631355810187
vn 0 0.9999929226630051 -0.0037622631355810187
vn -0.47133982901778265 -0.013264628584248457 0.8818519236300444
vn -0.47133982901778265 -0.013264628584248457 0.8818519236300444
vn -0.47133982901778265 -0.013264628584248457 0.8818519236300444
vn -0.47132545166669004 -0.013265636786713206 0.8818595928444809
vn -0.47132545166669004 -0.013265636786713206 0.8818595928444809
vn -0.47132545166669004 -0.013265636786713206 0.8818595928444809
vn 0 -0.9999929226630051 0.0037622631355810187
vn 0 -0.9999929226630051 0.0037622631355810187
vn 0 -0.9999929226630051 0.0037622631355810187
vn 0 0.9999929226630051 -0.0037622631355810187
vn 0 0.9999929226630051 -0.0037622631355810187
vn 0 0.9999929226630051 -0.0037622631355810187
vn -0.2902476504805764 -0.012984043040066968 0.9568634782542591
vn -0.2902476504805764 -0.012984043040066968 0.9568634782542591
vn -0.2902476504805764 -0.012984043040066968 0.9568634782542591
vn -0.29026901309195946 -0.01298264395518282 0.9568570170064872
vn -0.29026901309195946 -0.01298264395518282 0.9568570170064872
vn -0.29026901309195946 -0.01298264395518282 0.9568570170064872
vn 0 -0.9999929226630051 0.0037622631355810187
vn 0 -0.9999929226630051 0.0037622631355810187
vn 0 -0.9999929226630051 0.0037622631355810187
vn 0 0.9999929226630051 -0.0037622631355810187
vn 0 0.9999929226630051 -0.0037622631355810187
vn 0 0.9999929226630051 -0.0037622631355810187
vn -0.09798028051017971 -0.012840410740281997 0.9951055162560238
vn -0.09798028051017971 -0.012840410740281997 0.9951055162560238
vn -0.09798028051017971 -0.012840410740281997 0.9951055162560238
vn -0.09797997793566673 -0.012840431609188721 0.9951055457788466
vn -0.09797997793566673 -0.012840431609188721 0.9951055457788466
vn -0.09797997793566673 -0.012840431609188721 0.9951055457788466
vn 0 -0.9999929226630051 0.0037622631355810187
vn 0 -0.9999929226630051 0.0037622631355810187
vn 0 -0.9999929226630051 0.0037622631355810187
vn 0 0.9999929226630051 -0.0037622631355810187
vn 0 0.9999929226630051 -0.0037622631355810187
vn 0 0.9999929226630051 -0.0037622631355810187
vn 0.0979802804768865 -0.012840431224869954 0.9951055159949774
vn 0.0979802804768865 -0.012840431224869954 0.9951055159949774
vn 0.0979802804768865 -0.012840431224869954 0.9951055159949774
vn 0.09797997796895982 -0.012840411124600151 0.995105546039893
vn 0.09797997796895982 -0.012840411124600151 0.995105546039893
vn 0.09797997796895982 -0.012840411124600151 0.995105546039893
vn 0 -0.9999929226630051 0.0037622631355810187
vn 0 -0.9999929226630051 0.0037622631355810187
vn 0 -0.9999929226630051 0.0037622631355810187
vn 0 0.9999929226630051 -0.0037622631355810187
vn 0 0.9999929226630051 -0.0037622631355810187
vn 0 0.9999929226630051 -0.0037622631355810187
vn 0.29024764094756234 -0.012982583948575665 0.956863500943783
vn 0.29024764094756234 -0.012982583948575665 0.956863500943783
vn 0.29024764094756234 -0.012982583948575665 0.956863500943783
vn 0.2902690229662715 -0.012984032281914753 0.9568569951732121
vn 0.2902690229662715 -0.012984032281914753 0.9568569951732121
vn 0.2902690229662715 -0.012984032281914753 0.9568569951732121
vn 0 -0.9999929226630051 0.0037622631355810187
vn 0 -0.9999929226630051 0.0037622631355810187
vn 0 -0.9999929226630051 0.0037622631355810187
vn 0 0.9999929226630051 -0.0037622631355810187
vn 0 0.9999929226630051 -0.0037622631355810187
vn 0 0.9999929226630051 -0.0037622631355810187
vn 0.4713398207047612 -0.013265691913150638 0.8818519120782521
vn 0.4713398207047612 -0.013265691913150638 0.8818519120782521
vn 0.4713398207047612 -0.013265691913150638 0.8818519120782521
vn 0.4713254595718265 -0.013264625600043113 0.8818596038299391
vn 0.4713254595718265 -0.013264625600043113 0.8818596038299391
vn 0.4713254595718265 -0.013264625600043113 0.8818596038299391
vn 0 -0.9999929226630051 0.0037622631355810187
vn 0 -0.9999929226630051 0.0037622631355810187
vn 0 -0.9999929226630051 0.0037622631355810187
vn 0 0.9999929226630051 -0.0037622631355810187
vn 0 0.9999929226630051 -0.0037622631355810187
vn 0 0.9999929226630051 -0.0037622631355810187
vn 0.6343223291204614 -0.013678414178174223 0.7729476591366089
vn 0.6343223291204614 -0.013678414178174223 0.7729476591366089
vn 0.6343223291204614 -0.013678414178174223 0.7729476591366089
vn 0.634288772778406 -0.013675546228533954 0.7729752467981202
vn 0.634288772778406 -0.013675546228533954 0.7729752467981202
vn 0.634288772778406 -0.013675546228533954 0.7729752467981202
vn 0 -0.9999929226630051 0.0037622631355810187
vn 0 -0.9999929226630051 0.0037622631355810187
vn 0 -0.9999929226630051 0.0037622631355810187
vn 0 0.9999929226630051 -0.0037622631355810187
vn 0 0.9999929226630051 -0.0037622631355810187
vn 0 0.9999929226630051 -0.0037622631355810187
vn 0.7728907632714332 -0.01419691069473808 0.6343802611812784
vn 0.7728907632714332 -0.01419691069473808 0.6343802611812784
vn 0.7728907632714332 -0.01419691069473808 0.6343802611812784
vn 0.7729182958871291 -0.014199801229800336 0.6343466509157044
vn 0.7729182958871291 -0.014199801229800336 0.6343466509157044
vn 0.7729182958871291 -0.014199801229800336 0.6343466509157044
vn 0 -0.9999929226630051 0.0037622631355810187
vn 0 -0.9999929226630051 0.0037622631355810187
vn 0 -0.9999929226630051 0.0037622631355810187
vn 0 0.9999929226630051 -0.0037622631355810187
vn 0 0.9999929226630051 -0.0037622631355810187
vn 0 0.9999929226630051 -0.0037622631355810187
vn 0.8817957774436712 -0.014808871867791123 0.4713988801392244
vn 0.8817957774436712 -0.014808871867791123 0.4713988801392244
vn 0.8817957774436712 -0.014808871867791123 0.4713988801392244
vn 0.8818034428107072 -0.014809963000761697 0.47138450679153615
vn 0.8818034428107072 -0.014809963000761697 0.47138450679153615
vn 0.8818034428107072 -0.014809963000761697 0.47138450679153615
vn 0 -0.9999929226630051 0.0037622631355810187
vn 0 -0.9999929226630051 0.0037622631355810187
vn 0 -0.9999929226630051 0.0037622631355810187
vn 0 0.9999929226630051 -0.0037622631355810187
vn 0 0.9999929226630051 -0.0037622631355810187
vn 0 0.9999929226630051 -0.0037622631355810187
vn 0.9568078568224847 -0.01549181793203241 0.2903079893835586
vn 0.9568078568224847 -0.01549181793203241 0.2903079893835586
vn 0.9568078568224847 -0.01549181793203241 0.2903079893835586
vn 0.9568014008841668 -0.015490314186444237 0.29032934648860653
vn 0.9568014008841668 -0.015490314186444237 0.29032934648860653
vn 0.9568014008841668 -0.015490314186444237 0.29032934648860653
vn 0 -0.9999929226630051 0.0037622631355810187
vn 0 -0.9999929226630051 0.0037622631355810187
vn 0 -0.9999929226630051 0.0037622631355810187
vn 0 0.9999929226630051 -0.0037622631355810187
vn 0 0.9999929226630051 -0.0037622631355810187
vn 0 0.9999929226630051 -0.0037622631355810187
vn 0.9950501645549655 -0.016215423695063638 0.09804198107711526
vn 0.9950501645549655 -0.016215423695063638 0.09804198107711526
vn 0.9950501645549655 -0.016215423695063638 0.09804198107711526
vn 0.9950501939990654 -0.01621544581311175 0.09804167858367539
vn 0.9950501939990654 -0.01621544581311175 0.09804167858367539
vn 0.9950501939990654 -0.01621544581311175 0.09804167858367539
vn 0 -0.9999929226630051 0.0037622631355810187
vn 0 -0.9999929226630051 0.0037622631355810187
vn 0 -0.9999929226630051 0.0037622631355810187
vn 0 0.9999929226630051 -0.0037622631355810187
vn 0 0.9999929226630051 -0.0037622631355810187
vn 0 0.9999929226630051 -0.0037622631355810187
vn 0.9950501642168527 -0.01695269937300894 -0.09791719295395905
vn 0.9950501642168527 -0.01695269937300894 -0.09791719295395905
vn 0.9950501642168527 -0.01695269937300894 -0.09791719295395905
vn 0.9950501943371783 -0.01695267824794531 -0.09791689052337003
vn 0.9950501943371783 -0.01695267824794531 -0.09791689052337003
vn 0.9950501943371783 -0.01695267824794531 -0.09791689052337003
vn 0 -0.9999929226630051 0.0037622631355810187
vn 0 -0.9999929226630051 0.0037622631355810187
vn 0 -0.9999929226630051 0.0037622631355810187
vn 0 0.9999929226630051 -0.0037622631355810187
vn 0 0.9999929226630051 -0.0037622631355810187
vn 0 0.9999929226630051 -0.0037622631355810187
vn 0.9568078850013342 -0.017674334981875803 -0.29018319917290514
vn 0.9568078850013342 -0.017674334981875803 -0.29018319917290514
vn 0.9568078850013342 -0.017674334981875803 -0.29018319917290514
vn 0.9568013738277956 -0.01767583926324747 -0.29020457568340075
vn 0.9568013738277956 -0.01767583926324747 -0.29020457568340075
vn 0.9568013738277956 -0.01767583926324747 -0.29020457568340075
vn 0 -0.9999929226630051 0.0037622631355810187
vn 0 -0.9999929226630051 0.0037622631355810187
vn 0 -0.9999929226630051 0.0037622631355810187
vn 0 0.9999929226630051 -0.0037622631355810187
vn 0 0.9999929226630051 -0.0037622631355810187
vn 0 0.9999929226630051 -0.0037622631355810187
vn 0.8817957618914375 -0.01835654403299526 -0.47127409392142905
vn 0.8817957618914375 -0.01835654403299526 -0.47127409392142905
vn 0.8817957618914375 -0.01835654403299526 -0.47127409392142905
vn 0.881803457600438 -0.01835545264280899 -0.4712597367929813
vn 0.881803457600438 -0.01835545264280899 -0.4712597367929813
vn 0.881803457600438 -0.01835545264280899 -0.4712597367929813
vn 0 -0.9999929226630051 0.0037622631355810187
vn 0 -0.9999929226630051 0.0037622631355810187
vn 0 -0.9999929226630051 0.0037622631355810187
vn 0 0.9999929226630051 -0.0037622631355810187
vn 0 0.9999929226630051 -0.0037622631355810187
vn 0 0.9999929226630051 -0.0037622631355810187
vn 0.7728907269321297 -0.018972719982869195 -0.6342554375949612
vn 0.7728907269321297 -0.018972719982869195 -0.6342554375949612
vn 0.7728907269321297 -0.018972719982869195 -0.6342554375949612
vn 0.7729183251883752 -0.018969829617342327 -0.6342218918898072
vn 0.7729183251883752 -0.018969829617342327 -0.6342218918898072
vn 0.7729183251883752 -0.018969829617342327 -0.6342218918898072
vn 0 -0.9999929226630051 0.0037622631355810187
vn 0 -0.9999929226630051 0.0037622631355810187
vn 0 -0.9999929226630051 0.0037622631355810187
vn 0 0.9999929226630051 -0.0037622631355810187
vn 0 0.9999929226630051 -0.0037622631355810187
vn 0 0.9999929226630051 -0.0037622631355810187
vn 0.6343223589446407 -0.019491216748357482 -0.7728229017133064
vn 0.6343223589446407 -0.019491216748357482 -0.7728229017133064
vn 0.6343223589446407 -0.019491216748357482 -0.7728229017133064
vn 0.6342887380419845 -0.019494084377682144 -0.7728504237350088
vn 0.6342887380419845 -0.019494084377682144 -0.7728504237350088
vn 0.6342887380419845 -0.019494084377682144 -0.7728504237350088
vn 0 -0.9999929226630051 0.0037622631355810187
vn 0 -0.9999929226630051 0.0037622631355810187
vn 0 -0.9999929226630051 0.0037622631355810187
vn 0 0.9999929226630051 -0.0037622631355810187
vn 0 0.9999929226630051 -0.0037622631355810187
vn 0 0.9999929226630051 -0.0037622631355810187
vn 0.47133982901778254 -0.01989972407742311 -0.8817271497255429
vn 0.47133982901778254 -0.01989972407742311 -0.8817271497255429
vn 0.47133982901778254 -0.01989972407742311 -0.8817271497255429
vn 0.47132545166669004 -0.019900789958143504 -0.8817348111366776
vn 0.47132545166669004 -0.019900789958143504 -0.8817348111366776
vn 0.47132545166669004 -0.019900789958143504 -0.8817348111366776
vn 0 -0.9999929226630051 0.0037622631355810187
vn 0 -0.9999929226630051 0.0037622631355810187
vn 0 -0.9999929226630051 0.0037622631355810187
vn 0 0.9999929226630051 -0.0037622631355810187
vn 0 0.9999929226630051 -0.0037622631355810187
vn 0 0.9999929226630051 -0.0037622631355810187
vn 0.2902476504805764 -0.020183568895182 -0.9567386920874261
vn 0.2902476504805764 -0.020183568895182 -0.9567386920874261
vn 0.2902476504805764 -0.020183568895182 -0.9567386920874261
vn 0.29026901309195946 -0.020182121232420372 -0.9567322415499437
vn 0.29026901309195946 -0.020182121232420372 -0.9567322415499437
vn 0.29026901309195946 -0.020182121232420372 -0.9567322415499437
vn 0 -0.9999929226630051 0.0037622631355810187
vn 0 -0.9999929226630051 0.0037622631355810187
vn 0 -0.9999929226630051 0.0037622631355810187
vn 0 0.9999929226630051 -0.0037622631355810187
vn 0 0.9999929226630051 -0.0037622631355810187
vn 0 0.9999929226630051 -0.0037622631355810187
vn 0.09798028051017971 -0.020327691844599944 -0.9949807282432247
vn 0.09798028051017971 -0.020327691844599944 -0.9949807282432247
vn 0.09798028051017971 -0.020327691844599944 -0.9949807282432247
vn 0.09797997793566673 -0.02032771293505957 -0.9949807576081843
vn 0.09797997793566673 -0.02032771293505957 -0.9949807576081843
vn 0.09797997793566673 -0.02032771293505957 -0.9949807576081843
vn 0 -0.9999929226630051 0.0037622631355810187
vn 0 -0.9999929226630051 0.0037622631355810187
vn 0 -0.9999929226630051 0.0037622631355810187
vn 0 0.9999929226630051 -0.0037622631355810187
vn 0 0.9999929226630051 -0.0037622631355810187
vn 0 0.9999929226630051 -0.0037622631355810187
vn -0.09798028047688649 -0.02032771232664376 -0.9949807278280498
vn -0.09798028047688649 -0.02032771232664376 -0.9949807278280498
vn -0.09798028047688649 -0.02032771232664376 -0.9949807278280498
vn -0.09797997796895982 -0.020327692453015137 -0.994980758023359
vn -0.09797997796895982 -0.020327692453015137 -0.994980758023359
vn -0.09797997796895982 -0.020327692453015137 -0.994980758023359
vn 0 -0.9999929226630051 0.0037622631355810187
vn 0 -0.9999929226630051 0.0037622631355810187
vn 0 -0.9999929226630051 0.0037622631355810187
vn 0 0.9999929226630051 -0.0037622631355810187
vn 0 0.9999929226630051 -0.0037622631355810187
vn 0 0.9999929226630051 -0.0037622631355810187
vn -0.29024764094756234 -0.02018211001572319 -0.9567387257552024
vn -0.29024764094756234 -0.02018211001572319 -0.9567387257552024
vn -0.29024764094756234 -0.02018211001572319 -0.9567387257552024
vn -0.2902690229662715 -0.02018350935556593 -0.9567322092708597
vn -0.2902690229662715 -0.02018350935556593 -0.9567322092708597
vn -0.2902690229662715 -0.02018350935556593 -0.9567322092708597
vn 0 -0.9999929226630051 0.0037622631355810187
vn 0 -0.9999929226630051 0.0037622631355810187
vn 0 -0.9999929226630051 0.0037622631355810187
vn 0 0.9999929226630051 -0.0037622631355810187
vn 0 0.9999929226630051 -0.0037622631355810187
vn 0 0.9999929226630051 -0.0037622631355810187
vn -0.4713398207047611 -0.0199007872893021 -0.881727130173088
vn -0.4713398207047611 -0.0199007872893021 -0.881727130173088
vn -0.4713398207047611 -0.0199007872893021 -0.881727130173088
vn -0.4713254595718266 -0.019899778882759133 -0.8817348297304717
vn -0.4713254595718266 -0.019899778882759133 -0.8817348297304717
vn -0.4713254595718266 -0.019899778882759133 -0.8817348297304717
vn 0 -0.9999929226630051 0.0037622631355810187
vn 0 -0.9999929226630051 0.0037622631355810187
vn 0 -0.9999929226630051 0.0037622631355810187
vn 0 0.9999929226630051 -0.0037622631355810187
vn 0 0.9999929226630051 -0.0037622631355810187
vn 0 0.9999929226630051 -0.0037622631355810187
vn -0.6343223291204614 -0.01949405075771256 -0.7728228547113811
vn -0.6343223291204614 -0.01949405075771256 -0.7728228547113811
vn -0.6343223291204614 -0.01949405075771256 -0.7728228547113811
vn -0.634288772778406 -0.019491390471876445 -0.7728504631717162
vn -0.634288772778406 -0.019491390471876445 -0.7728504631717162
vn -0.634288772778406 -0.019491390471876445 -0.7728504631717162
vn 0 -0.9999929226630051 0.0037622631355810187
vn 0 -0.9999929226630051 0.0037622631355810187
vn 0 -0.9999929226630051 0.0037622631355810187
vn 0 0.9999929226630051 -0.0037622631355810187
vn 0 0.9999929226630051 -0.0037622631355810187
vn 0 0.9999929226630051 -0.0037622631355810187
vn -0.7728907632714332 -0.018969885949002507 -0.6342554780818083
vn -0.7728907632714332 -0.018969885949002507 -0.6342554780818083
vn -0.7728907632714332 -0.018969885949002507 -0.6342554780818083
vn -0.7729182958871291 -0.018972523502699467 -0.6342218470179626
vn -0.7729182958871291 -0.018972523502699467 -0.6342218470179626
vn -0.7729182958871291 -0.018972523502699467 -0.6342218470179626
vn 0 -0.9999929226630051 0.0037622631355810187
vn 0 -0.9999929226630051 0.0037622631355810187
vn 0 -0.9999929226630051 0.0037622631355810187
vn 0 0.9999929226630051 -0.0037622631355810187
vn 0 0.9999929226630051 -0.0037622631355810187
vn 0 0.9999929226630051 -0.0037622631355810187
vn -0.8817957774436712 -0.01835548079388045 -0.47127410623472293
vn -0.8817957774436712 -0.01835548079388045 -0.47127410623472293
vn -0.8817957774436712 -0.01835548079388045 -0.47127410623472293
vn -0.8818034428107072 -0.01835646374409502 -0.47125972508373287
vn -0.8818034428107072 -0.01835646374409502 -0.47125972508373287
vn -0.8818034428107072 -0.01835646374409502 -0.47125972508373287
vn 0 -0.9999929226630051 0.0037622631355810187
vn 0 -0.9999929226630051 0.0037622631355810187
vn 0 -0.9999929226630051 0.0037622631355810187
vn 0 0.9999929226630051 -0.0037622631355810187
vn 0 0.9999929226630051 -0.0037622631355810187
vn 0 0.9999929226630051 -0.0037622631355810187
vn -0.9568078568224847 -0.017675794003216568 -0.29018320321672564
vn -0.9568078568224847 -0.017675794003216568 -0.29018320321672564
vn -0.9568078568224847 -0.017675794003216568 -0.29018320321672564
vn -0.9568014008841668 -0.017674451001158966 -0.29020457103206304
vn -0.9568014008841668 -0.017674451001158966 -0.29020457103206304
vn -0.9568014008841668 -0.017674451001158966 -0.29020457103206304
vn 0 -0.9999929226630051 0.0037622631355810187
vn 0 -0.9999929226630051 0.0037622631355810187
vn 0 -0.9999929226630051 0.0037622631355810187
vn 0 0.9999929226630051 -0.0037622631355810187
vn 0 0.9999929226630051 -0.0037622631355810187
vn 0 0.9999929226630051 -0.0037622631355810187
vn -0.9950501645549655 -0.01695267888981831 -0.09791719306431619
vn -0.9950501645549655 -0.01695267888981831 -0.09791719306431619
vn -0.9950501645549655 -0.01695267888981831 -0.09791719306431619
vn -0.9950501939990654 -0.016952698731136553 -0.097916890413013
vn -0.9950501939990654 -0.016952698731136553 -0.097916890413013
vn -0.9950501939990654 -0.016952698731136553 -0.097916890413013
vn 0 -0.9999929226630051 0.0037622631355810187
vn 0 -0.9999929226630051 0.0037622631355810187
vn 0 -0.9999929226630051 0.0037622631355810187
vn 0 0.9999929226630051 -0.0037622631355810187
vn 0 0.9999929226630051 -0.0037622631355810187
vn 0 0.9999929226630051 -0.0037622631355810187
vn -0.9951863827242462 0.0003687030088731375 0.0979996311131898
vn -0.9951863827242462 0.0003687030088731375 0.0979996311131898
vn -0.9951863827242462 0.0003687030088731375 0.0979996311131898
vn -0.9951863827242462 0.0003687030088731375 0.0979996311131898
vn -0.9951863827242462 0.0003687030088731375 0.0979996311131898
vn -0.9951863827242462 0.0003687030088731375 0.0979996311131898
vn 0 -0.9999929226630051 0.0037622631355810187
vn 0 -0.9999929226630051 0.0037622631355810187
vn 0 -0.9999929226630051 0.0037622631355810187
vn 0 0.9999929226630051 -0.0037622631355810187
vn 0 0.9999929226630051 -0.0037622631355810187
vn 0 0.9999929226630051 -0.0037622631355810187
vn -0.9569380506107436 0.0010921556809202918 0.2902901556878538
vn -0.9569380506107436 0.0010921556809202918 0.2902901556878538
vn -0.9569380506107436 0.0010921556809202918 0.2902901556878538
vn -0.9569380506107436 0.0010921556809202918 0.2902901556878538
vn -0.9569380506107436 0.0010921556809202918 0.2902901556878538
vn -0.9569380506107436 0.0010921556809202918 0.2902901556878538
vn 0 -0.9999929226630051 0.0037622631355810187
vn 0 -0.9999929226630051 0.0037622631355810187
vn 0 -0.9999929226630051 0.0037622631355810187
vn 0 0.9999929226630051 -0.0037622631355810187
vn 0 0.9999929226630051 -0.0037622631355810187
vn 0 0.9999929226630051 -0.0037622631355810187
vn -0.8819123039986634 0.0017735816329585935 0.47141016372577327
vn -0.8819123039986634 0.0017735816329585935 0.47141016372577327
vn -0.8819123039986634 0.0017735816329585935 0.47141016372577327
vn -0.8819123039986634 0.0017735816329585935 0.47141016372577327
vn -0.8819123039986634 0.0017735816329585935 0.47141016372577327
vn -0.8819123039986634 0.0017735816329585935 0.47141016372577327
vn 0 -0.9999929226630051 0.0037622631355810187
vn 0 -0.9999929226630051 0.0037622631355810187
vn 0 -0.9999929226630051 0.0037622631355810187
vn 0 0.9999929226630051 -0.0037622631355810187
vn 0 0.9999929226630051 -0.0037622631355810187
vn 0 0.9999929226630051 -0.0037622631355810187
vn -0.7730152571834722 0.0023867324439952194 0.6343829408723183
vn -0.7730152571834722 0.0023867324439952194 0.6343829408723183
vn -0.7730152571834722 0.0023867324439952194 0.6343829408723183
vn -0.7730152571834722 0.0023867324439952194 0.6343829408723183
vn -0.7730152571834722 0.0023867324439952194 0.6343829408723183
vn -0.7730152571834722 0.0023867324439952194 0.6343829408723183
vn 0 -0.9999929226630051 0.0037622631355810187
vn 0 -0.9999929226630051 0.0037622631355810187
vn 0 -0.9999929226630051 0.0037622631355810187
vn 0 0.9999929226630051 -0.0037622631355810187
vn 0 0.9999929226630051 -0.0037622631355810187
vn 0 0.9999929226630051 -0.0037622631355810187
vn -0.63438743064595 0.002908286805343058 0.7730097862939949
vn -0.63438743064595 0.002908286805343058 0.7730097862939949
vn -0.63438743064595 0.002908286805343058 0.7730097862939949
vn -0.63438743064595 0.002908286805343058 0.7730097862939949
vn -0.63438743064595 0.002908286805343058 0.7730097862939949
vn -0.63438743064595 0.002908286805343058 0.7730097862939949
vn 0 -0.9999929226630051 0.0037622631355810187
vn 0 -0.9999929226630051 0.0037622631355810187
vn 0 -0.9999929226630051 0.0037622631355810187
vn 0 0.9999929226630051 -0.0037622631355810187
vn 0 0.9999929226630051 -0.0037622631355810187
vn 0 0.9999929226630051 -0.0037622631355810187
vn -0.47141350007797705 0.003317986150149492 0.8819060624080881
vn -0.47141350007797705 0.003317986150149492 0.8819060624080881
vn -0.47141350007797705 0.003317986150149492 0.8819060624080881
vn -0.47141350007797705 0.003317986150149492 0.8819060624080881
vn -0.47141350007797705 0.003317986150149492 0.8819060624080881
vn -0.47141350007797705 0.003317986150149492 0.8819060624080881
vn 0 -0.9999929226630051 0.0037622631355810187
vn 0 -0.9999929226630051 0.0037622631355810187
vn 0 -0.9999929226630051 0.0037622631355810187
vn 0 0.9999929226630051 -0.0037622631355810187
vn 0 0.9999929226630051 -0.0037622631355810187
vn 0 0.9999929226630051 -0.0037622631355810187
vn -0.29029221018365214 0.0036002527508475638 0.9569312780376761
vn -0.29029221018365214 0.0036002527508475638 0.9569312780376761
vn -0.29029221018365214 0.0036002527508475638 0.9569312780376761
vn -0.29029221018365214 0.0036002527508475638 0.9569312780376761
vn -0.29029221018365214 0.0036002527508475638 0.9569312780376761
vn -0.29029221018365214 0.0036002527508475638 0.9569312780376761
vn 0 -0.9999929226630051 0.0037622631355810187
vn 0 -0.9999929226630051 0.0037622631355810187
vn 0 -0.9999929226630051 0.0037622631355810187
vn 0 0.9999929226630051 -0.0037622631355810187
vn 0 0.9999929226630051 -0.0037622631355810187
vn 0 0.9999929226630051 -0.0037622631355810187
vn -0.09800032469451322 0.0037441530407556546 0.9951793394548429
vn -0.09800032469451322 0.0037441530407556546 0.9951793394548429
vn -0.09800032469451322 0.0037441530407556546 0.9951793394548429
vn -0.09800032469451322 0.0037441530407556546 0.9951793394548429
vn -0.09800032469451322 0.0037441530407556546 0.9951793394548429
vn -0.09800032469451322 0.0037441530407556546 0.9951793394548429
vn 0 -0.9999929226630051 0.0037622631355810187
vn 0 -0.9999929226630051 0.0037622631355810187
vn 0 -0.9999929226630051 0.0037622631355810187
vn 0 0.9999929226630051 -0.0037622631355810187
vn 0 0.9999929226630051 -0.0037622631355810187
vn 0 0.9999929226630051 -0.0037622631355810187
vn 0.09800032469451322 0.0037441530407556546 0.9951793394548429
vn 0.09800032469451322 0.0037441530407556546 0.9951793394548429
vn 0.09800032469451322 0.0037441530407556546 0.9951793394548429
vn 0.09800032469451322 0.0037441530407556546 0.9951793394548429
vn 0.09800032469451322 0.0037441530407556546 0.9951793394548429
vn 0.09800032469451322 0.0037441530407556546 0.9951793394548429
vn 0 -0.9999929226630051 0.0037622631355810187
vn 0 -0.9999929226630051 0.0037622631355810187
vn 0 -0.9999929226630051 0.0037622631355810187
vn 0 0.9999929226630051 -0.0037622631355810187
vn 0 0.9999929226630051 -0.0037622631355810187
vn 0 0.9999929226630051 -0.0037622631355810187
vn 0.29029221018365214 0.0036002527508475638 0.9569312780376761
vn 0.29029221018365214 0.0036002527508475638 0.9569312780376761
vn 0.29029221018365214 0.0036002527508475638 0.9569312780376761
vn 0.29029221018365214 0.0036002527508475638 0.9569312780376761
vn 0.29029221018365214 0.0036002527508475638 0.9569312780376761
vn 0.29029221018365214 0.0036002527508475638 0.9569312780376761
vn 0 -0.9999929226630051 0.0037622631355810187
vn 0 -0.9999929226630051 0.0037622631355810187
vn 0 -0.9999929226630051 0.0037622631355810187
vn 0 0.9999929226630051 -0.0037622631355810187
vn 0 0.9999929226630051 -0.0037622631355810187
vn 0 0.9999929226630051 -0.0037622631355810187
vn 0.47141350007797705 0.003317986150149492 0.8819060624080881
vn 0.47141350007797705 0.003317986150149492 0.8819060624080881
vn 0.47141350007797705 0.003317986150149492 0.8819060624080881
vn 0.47141350007797705 0.003317986150149492 0.8819060624080881
vn 0.47141350007797705 0.003317986150149492 0.8819060624080881
vn 0.47141350007797705 0.003317986150149492 0.8819060624080881
vn 0 -0.9999929226630051 0.0037622631355810187
vn 0 -0.9999929226630051 0.0037622631355810187
vn 0 -0.9999929226630051 0.0037622631355810187
vn 0 0.9999929226630051 -0.0037622631355810187
vn 0 0.9999929226630051 -0.0037622631355810187
vn 0 0.9999929226630051 -0.0037622631355810187
vn 0.63438743064595 0.002908286805343058 0.7730097862939949
vn 0.63438743064595 0.002908286805343058 0.7730097862939949
vn 0.63438743064595 0.002908286805343058 0.7730097862939949
vn 0.63438743064595 0.002908286805343058 0.7730097862939949
vn 0.63438743064595 0.002908286805343058 0.7730097862939949
vn 0.63438743064595 0.002908286805343058 0.7730097862939949
vn 0 -0.9999929226630051 0.0037622631355810187
vn 0 -0.9999929226630051 0.0037622631355810187
vn 0 -0.9999929226630051 0.0037622631355810187
vn 0 0.9999929226630051 -0.0037622631355810187
vn 0 0.9999929226630051 -0.0037622631355810187
vn 0 0.9999929226630051 -0.0037622631355810187
vn 0.7730152571834722 0.0023867324439952194 0.6343829408723183
vn 0.7730152571834722 0.0023867324439952194 0.6343829408723183
vn 0.7730152571834722 0.0023867324439952194 0.6343829408723183
vn 0.7730152571834722 0.0023867324439952194 0.6343829408723183
vn 0.7730152571834722 0.0023867324439952194 0.6343829408723183
vn 0.7730152571834722 0.0023867324439952194 0.6343829408723183
vn 0 -0.9999929226630051 0.0037622631355810187
vn 0 -0.9999929226630051 0.0037622631355810187
vn 0 -0.9999929226630051 0.0037622631355810187
vn 0 0.9999929226630051 -0.0037622631355810187
vn 0 0.9999929226630051 -0.0037622631355810187
vn 0 0.9999929226630051 -0.0037622631355810187
vn 0.8819123039986634 0.0017735816329585935 0.47141016372577327
vn 0.8819123039986634 0.0017735816329585935 0.47141016372577327
vn 0.8819123039986634 0.0017735816329585935 0.47141016372577327
vn 0.8819123039986634 0.0017735816329585935 0.47141016372577327
vn 0.8819123039986634 0.0017735816329585935 0.47141016372577327
vn 0.8819123039986634 0.0017735816329585935 0.47141016372577327
vn 0 -0.9999929226630051 0.0037622631355810187
vn 0 -0.9999929226630051 0.0037622631355810187
vn 0 -0.9999929226630051 0.0037622631355810187
vn 0 0.9999929226630051 -0.0037622631355810187
vn 0 0.9999929226630051 -0.0037622631355810187
vn 0 0.9999929226630051 -0.0037622631355810187
vn 0.9569380506107436 0.0010921556809202918 0.2902901556878538
vn 0.9569380506107436 0.0010921556809202918 0.2902901556878538
vn 0.9569380506107436 0.0010921556809202918 0.2902901556878538
vn 0.9569380506107436 0.0010921556809202918 0.2902901556878538
vn 0.9569380506107436 0.0010921556809202918 0.2902901556878538
vn 0.9569380506107436 0.0010921556809202918 0.2902901556878538
vn 0 -0.9999929226630051 0.0037622631355810187
vn 0 -0.9999929226630051 0.0037622631355810187
vn 0 -0.9999929226630051 0.0037622631355810187
vn 0 0.9999929226630051 -0.0037622631355810187
vn 0 0.9999929226630051 -0.0037622631355810187
vn 0 0.9999929226630051 -0.0037622631355810187
vn 0.9951863827242462 0.0003687030088731375 0.0979996311131898
vn 0.9951863827242462 0.0003687030088731375 0.0979996311131898
vn 0.9951863827242462 0.0003687030088731375 0.0979996311131898
vn 0.9951863827242462 0.0003687030088731375 0.0979996311131898
vn 0.9951863827242462 0.0003687030088731375 0.0979996311131898
vn 0.9951863827242462 0.0003687030088731375 0.0979996311131898
vn 0 -0.9999929226630051 0.0037622631355810187
vn 0 -0.9999929226630051 0.0037622631355810187
vn 0 -0.9999929226630051 0.0037622631355810187
vn 0 0.9999929226630051 -0.0037622631355810187
vn 0 0.9999929226630051 -0.0037622631355810187
vn 0 0.9999929226630051 -0.0037622631355810187
vn 0.9951863827242462 -0.0003687030088731375 -0.0979996311131898
vn 0.9951863827242462 -0.0003687030088731375 -0.0979996311131898
vn 0.9951863827242462 -0.0003687030088731375 -0.0979996311131898
vn 0.9951863827242462 -0.0003687030088731375 -0.0979996311131898
vn 0.9951863827242462 -0.0003687030088731375 -0.0979996311131898
vn 0.9951863827242462 -0.0003687030088731375 -0.0979996311131898
vn 0 -0.9999929226630051 0.0037622631355810187
vn 0 -0.9999929226630051 0.0037622631355810187
vn 0 -0.9999929226630051 0.0037622631355810187
vn 0 0.9999929226630051 -0.0037622631355810187
vn 0 0.9999929226630051 -0.0037622631355810187
vn 0 0.9999929226630051 -0.0037622631355810187
vn 0.9569380506107436 -0.0010921556809202918 -0.2902901556878538
vn 0.9569380506107436 -0.0010921556809202918 -0.2902901556878538
vn 0.9569380506107436 -0.0010921556809202918 -0.2902901556878538
vn 0.9569380506107436 -0.0010921556809202918 -0.2902901556878538
vn 0.9569380506107436 -0.0010921556809202918 -0.2902901556878538
vn 0.9569380506107436 -0.0010921556809202918 -0.2902901556878538
vn 0 -0.9999929226630051 0.0037622631355810187
vn 0 -0.9999929226630051 0.0037622631355810187
vn 0 -0.9999929226630051 0.0037622631355810187
vn 0 0.9999929226630051 -0.0037622631355810187
vn 0 0.9999929226630051 -0.0037622631355810187
vn 0 0.9999929226630051 -0.0037622631355810187
vn 0.8819123039986634 -0.0017735816329585935 -0.47141016372577327
vn 0.8819123039986634 -0.0017735816329585935 -0.47141016372577327
vn 0.8819123039986634 -0.0017735816329585935 -0.47141016372577327
vn 0.8819123039986634 -0.0017735816329585935 -0.47141016372577327
vn 0.8819123039986634 -0.0017735816329585935 -0.47141016372577327
vn 0.8819123039986634 -0.0017735816329585935 -0.47141016372577327
vn 0 -0.9999929226630051 0.0037622631355810187
vn 0 -0.9999929226630051 0.0037622631355810187
vn 0 -0.9999929226630051 0.0037622631355810187
vn 0 0.9999929226630051 -0.0037622631355810187
vn 0 0.9999929226630051 -0.0037622631355810187
vn 0 0.9999929226630051 -0.0037622631355810187
vn 0.7730152571834722 -0.0023867324439952194 -0.6343829408723183
vn 0.7730152571834722 -0.0023867324439952194 -0.6343829408723183
vn 0.7730152571834722 -0.0023867324439952194 -0.6343829408723183
vn 0.7730152571834722 -0.0023867324439952194 -0.6343829408723183
vn 0.7730152571834722 -0.0023867324439952194 -0.6343829408723183
vn 0.7730152571834722 -0.0023867324439952194 -0.6343829408723183
vn 0 -0.9999929226630051 0.0037622631355810187
vn 0 -0.9999929226630051 0.0037622631355810187
vn 0 -0.9999929226630051 0.0037622631355810187
vn 0 0.9999929226630051 -0.0037622631355810187
vn 0 0.9999929226630051 -0.0037622631355810187
vn 0 0.9999929226630051 -0.0037622631355810187
vn 0.63438743064595 -0.002908286805343058 -0.7730097862939949
vn 0.63438743064595 -0.002908286805343058 -0.7730097862939949
vn 0.63438743064595 -0.002908286805343058 -0.7730097862939949
vn 0.63438743064595 -0.002908286805343058 -0.7730097862939949
vn 0.63438743064595 -0.002908286805343058 -0.7730097862939949
vn 0.63438743064595 -0.002908286805343058 -0.7730097862939949
vn 0 -0.9999929226630051 0.0037622631355810187
vn 0 -0.9999929226630051 0.0037622631355810187
vn 0 -0.9999929226630051 0.0037622631355810187
vn 0 0.9999929226630051 -0.0037622631355810187
vn 0 0.9999929226630051 -0.0037622631355810187
vn 0 0.9999929226630051 -0.0037622631355810187
vn 0.47141350007797705 -0.003317986150149492 -0.8819060624080881
vn 0.47141350007797705 -0.003317986150149492 -0.8819060624080881
vn 0.47141350007797705 -0.003317986150149492 -0.8819060624080881
vn 0.47141350007797705 -0.003317986150149492 -0.8819060624080881
vn 0.47141350007797705 -0.003317986150149492 -0.8819060624080881
vn 0.47141350007797705 -0.003317986150149492 -0.8819060624080881
vn 0 -0.9999929226630051 0.0037622631355810187
vn 0 -0.9999929226630051 0.0037622631355810187
vn 0 -0.9999929226630051 0.0037622631355810187
vn 0 0.9999929226630051 -0.0037622631355810187
vn 0 0.9999929226630051 -0.0037622631355810187
vn 0 0.9999929226630051 -0.0037622631355810187
vn 0.29029221018365214 -0.0036002527508475638 -0.9569312780376761
vn 0.29029221018365214 -0.0036002527508475638 -0.9569312780376761
vn 0.29029221018365214 -0.0036002527508475638 -0.9569312780376761
vn 0.29029221018365214 -0.0036002527508475638 -0.9569312780376761
vn 0.29029221018365214 -0.0036002527508475638 -0.9569312780376761
vn 0.29029221018365214 -0.0036002527508475638 -0.9569312780376761
vn 0 -0.9999929226630051 0.0037622631355810187
vn 0 -0.9999929226630051 0.0037622631355810187
vn 0 -0.9999929226630051 0.0037622631355810187
vn 0 0.9999929226630051 -0.0037622631355810187
vn 0 0.9999929226630051 -0.0037622631355810187
vn 0 0.9999929226630051 -0.0037622631355810187
vn 0.09800032469451322 -0.0037441530407556546 -0.9951793394548429
vn 0.09800032469451322 -0.0037441530407556546 -0.9951793394548429
vn 0.09800032469451322 -0.0037441530407556546 -0.9951793394548429
vn 0.09800032469451322 -0.0037441530407556546 -0.9951793394548429
vn 0.09800032469451322 -0.0037441530407556546 -0.9951793394548429
vn 0.09800032469451322 -0.0037441530407556546 -0.9951793394548429
vn 0 -0.9999929226630051 0.0037622631355810187
vn 0 -0.9999929226630051 0.0037622631355810187
vn 0 -0.9999929226630051 0.0037622631355810187
vn 0 0.9999929226630051 -0.0037622631355810187
vn 0 0.9999929226630051 -0.0037622631355810187
vn 0 0.9999929226630051 -0.0037622631355810187
vn -0.09800032469451322 -0.0037441530407556546 -0.9951793394548429
vn -0.09800032469451322 -0.0037441530407556546 -0.9951793394548429
vn -0.09800032469451322 -0.0037441530407556546 -0.9951793394548429
vn -0.09800032469451322 -0.0037441530407556546 -0.9951793394548429
vn -0.09800032469451322 -0.0037441530407556546 -0.9951793394548429
vn -0.09800032469451322 -0.0037441530407556546 -0.9951793394548429
vn 0 -0.9999929226630051 0.0037622631355810187
vn 0 -0.9999929226630051 0.0037622631355810187
vn 0 -0.9999929226630051 0.0037622631355810187
vn 0 0.9999929226630051 -0.0037622631355810187
vn 0 0.9999929226630051 -0.0037622631355810187
vn 0 0.9999929226630051 -0.0037622631355810187
vn -0.29029221018365214 -0.0036002527508475638 -0.9569312780376761
vn -0.29029221018365214 -0.0036002527508475638 -0.9569312780376761
vn -0.29029221018365214 -0.0036002527508475638 -0.9569312780376761
vn -0.29029221018365214 -0.0036002527508475638 -0.9569312780376761
vn -0.29029221018365214 -0.0036002527508475638 -0.9569312780376761
vn -0.29029221018365214 -0.0036002527508475638 -0.9569312780376761
vn 0 -0.9999929226630051 0.0037622631355810187
vn 0 -0.9999929226630051 0.0037622631355810187
vn 0 -0.9999929226630051 0.0037622631355810187
vn 0 0.9999929226630051 -0.0037622631355810187
vn 0 0.9999929226630051 -0.0037622631355810187
vn 0 0.9999929226630051 -0.0037622631355810187
vn -0.47141350007797705 -0.003317986150149492 -0.8819060624080881
vn -0.47141350007797705 -0.003317986150149492 -0.8819060624080881
vn -0.47141350007797705 -0.003317986150149492 -0.8819060624080881
vn -0.47141350007797705 -0.003317986150149492 -0.8819060624080881
vn -0.47141350007797705 -0.003317986150149492 -0.8819060624080881
vn -0.47141350007797705 -0.003317986150149492 -0.8819060624080881
vn 0 -0.9999929226630051 0.0037622631355810187
vn 0 -0.9999929226630051 0.0037622631355810187
vn 0 -0.9999929226630051 0.0037622631355810187
vn 0 0.9999929226630051 -0.0037622631355810187
vn 0 0.9999929226630051 -0.0037622631355810187
vn 0 0.9999929226630051 -0.0037622631355810187
vn -0.63438743064595 -0.002908286805343058 -0.7730097862939949
vn -0.63438743064595 -0.002908286805343058 -0.7730097862939949
vn -0.63438743064595 -0.002908286805343058 -0.7730097862939949
vn -0.63438743064595 -0.002908286805343058 -0.7730097862939949
vn -0.63438743064595 -0.002908286805343058 -0.7730097862939949
vn -0.63438743064595 -0.002908286805343058 -0.7730097862939949
vn 0 -0.9999929226630051 0.0037622631355810187
vn 0 -0.9999929226630051 0.0037622631355810187
vn 0 -0.9999929226630051 0.0037622631355810187
vn 0 0.9999929226630051 -0.0037622631355810187
vn 0 0.9999929226630051 -0.0037622631355810187
vn 0 0.9999929226630051 -0.0037622631355810187
vn -0.7730152571834722 -0.0023867324439952194 -0.6343829408723183
vn -0.7730152571834722 -0.0023867324439952194 -0.6343829408723183
vn -0.7730152571834722 -0.0023867324439952194 -0.6343829408723183
vn -0.7730152571834722 -0.0023867324439952194 -0.6343829408723183
vn -0.7730152571834722 -0.0023867324439952194 -0.6343829408723183
vn -0.7730152571834722 -0.0023867324439952194 -0.6343829408723183
vn 0 -0.9999929226630051 0.0037622631355810187
vn 0 -0.9999929226630051 0.0037622631355810187
vn 0 -0.9999929226630051 0.0037622631355810187
vn 0 0.9999929226630051 -0.0037622631355810187
vn 0 0.9999929226630051 -0.0037622631355810187
vn 0 0.9999929226630051 -0.0037622631355810187
vn -0.8819123039986634 -0.0017735816329585935 -0.47141016372577327
vn -0.8819123039986634 -0.0017735816329585935 -0.47141016372577327
vn -0.8819123039986634 -0.0017735816329585935 -0.47141016372577327
vn -0.8819123039986634 -0.0017735816329585935 -0.47141016372577327
vn -0.8819123039986634 -0.0017735816329585935 -0.47141016372577327
vn -0.8819123039986634 -0.0017735816329585935 -0.47141016372577327
vn 0 -0.9999929226630051 0.0037622631355810187
vn 0 -0.9999929226630051 0.0037622631355810187
vn 0 -0.9999929226630051 0.0037622631355810187
vn 0 0.9999929226630051 -0.0037622631355810187
vn 0 0.9999929226630051 -0.0037622631355810187
vn 0 0.9999929226630051 -0.0037622631355810187
vn -0.9569380506107436 -0.0010921556809202918 -0.2902901556878538
vn -0.9569380506107436 -0.0010921556809202918 -0.2902901556878538
vn -0.9569380506107436 -0.0010921556809202918 -0.2902901556878538
vn -0.9569380506107436 -0.0010921556809202918 -0.2902901556878538
vn -0.9569380506107436 -0.0010921556809202918 -0.2902901556878538
vn -0.9569380506107436 -0.0010921556809202918 -0.2902901556878538
vn 0 -0.9999929226630051 0.0037622631355810187
vn 0 -0.9999929226630051 0.0037622631355810187
vn 0 -0.9999929226630051 0.0037622631355810187
vn 0 0.9999929226630051 -0.0037622631355810187
vn 0 0.9999929226630051 -0.0037622631355810187
vn 0 0.9999929226630051 -0.0037622631355810187
vn -0.9951863827242462 -0.0003687030088731375 -0.0979996311131898
vn -0.9951863827242462 -0.0003687030088731375 -0.0979996311131898
vn -0.9951863827242462 -0.0003687030088731375 -0.0979996311131898
vn -0.9951863827242462 -0.0003687030088731375 -0.0979996311131898
vn -0.9951863827242462 -0.0003687030088731375 -0.0979996311131898
vn -0.9951863827242462 -0.0003687030088731375 -0.0979996311131898
vn 0 -0.9999929226630051 0.0037622631355810187
vn 0 -0.9999929226630051 0.0037622631355810187
vn 0 -0.9999929226630051 0.0037622631355810187
vn 0 0.9999929226630051 -0.0037622631355810187
vn 0 0.9999929226630051 -0.0037622631355810187
vn 0 0.9999929226630051 -0.0037622631355810187
vn -0.8805969383329969 0.44096311605343413 0.17349513675892403
vn -0.8805969383329969 0.44096311605343413 0.17349513675892403
vn -0.8805969383329969 0.44096311605343413 0.17349513675892403
vn -0.8805989296093837 0.4409553561277987 0.17350475230671422
vn -0.8805989296093837 0.4409553561277987 0.17350475230671422
vn -0.8805989296093837 0.4409553561277987 0.17350475230671422
vn 0 -0.9999929226630051 0.0037622631355810187
vn 0 -0.9999929226630051 0.0037622631355810187
vn 0 -0.9999929226630051 0.0037622631355810187
vn 0 0.9999929226630051 -0.0037622631355810187
vn 0 0.9999929226630051 -0.0037622631355810187
vn 0 0.9999929226630051 -0.0037622631355810187
vn -0.7465202719307187 0.44217200783858873 0.4971834662179309
vn -0.7465202719307187 0.44217200783858873 0.4971834662179309
vn -0.7465202719307187 0.44217200783858873 0.4971834662179309
vn -0.7465224233504447 0.44218117731973045 0.49717208073172847
vn -0.7465224233504447 0.44218117731973045 0.49717208073172847
vn -0.7465224233504447 0.44218117731973045 0.49717208073172847
vn 0 -0.9999929226630051 0.0037622631355810187
vn 0 -0.9999929226630051 0.0037622631355810187
vn 0 -0.9999929226630051 0.0037622631355810187
vn 0 0.9999929226630051 -0.0037622631355810187
vn 0 0.9999929226630051 -0.0037622631355810187
vn 0 0.9999929226630051 -0.0037622631355810187
vn -0.4988412392079221 0.4431122112876497 0.7448550102357332
vn -0.4988412392079221 0.4431122112876497 0.7448550102357332
vn -0.4988412392079221 0.4431122112876497 0.7448550102357332
vn -0.4988348979379879 0.44310301839950245 0.7448647257619652
vn -0.4988348979379879 0.44310301839950245 0.7448647257619652
vn -0.4988348979379879 0.44310301839950245 0.7448647257619652
vn 0 -0.9999929226630051 0.0037622631355810187
vn 0 -0.9999929226630051 0.0037622631355810187
vn 0 -0.9999929226630051 0.0037622631355810187
vn 0 0.9999929226630051 -0.0037622631355810187
vn 0 0.9999929226630051 -0.0037622631355810187
vn 0 0.9999929226630051 -0.0037622631355810187
vn -0.17515360112063608 0.44361010804911033 0.8789375905325302
vn -0.17515360112063608 0.44361010804911033 0.8789375905325302
vn -0.17515360112063608 0.44361010804911033 0.8789375905325302
vn -0.1751617022753174 0.44361788271312447 0.8789320520911371
vn -0.1751617022753174 0.44361788271312447 0.8789320520911371
vn -0.1751617022753174 0.44361788271312447 0.8789320520911371
vn 0 -0.9999929226630051 0.0037622631355810187
vn 0 -0.9999929226630051 0.0037622631355810187
vn 0 -0.9999929226630051 0.0037622631355810187
vn 0 0.9999929226630051 -0.0037622631355810187
vn 0 0.9999929226630051 -0.0037622631355810187
vn 0 0.9999929226630051 -0.0037622631355810187
vn 0.17515292815105288 0.44361718204715805 0.878934154275877
vn 0.17515292815105288 0.44361718204715805 0.878934154275877
vn 0.17515292815105288 0.44361718204715805 0.878934154275877
vn 0.17516251443590838 0.4436093935471021 0.8789361748689505
vn 0.17516251443590838 0.4436093935471021 0.8789361748689505
vn 0.17516251443590838 0.4436093935471021 0.8789361748689505
vn 0 -0.9999929226630051 0.0037622631355810187
vn 0 -0.9999929226630051 0.0037622631355810187
vn 0 -0.9999929226630051 0.0037622631355810187
vn 0 0.9999929226630051 -0.0037622631355810187
vn 0 0.9999929226630051 -0.0037622631355810187
vn 0 0.9999929226630051 -0.0037622631355810187
vn 0.4988435149276689 0.4431038329710016 0.7448584703291056
vn 0.4988435149276689 0.4431038329710016 0.7448584703291056
vn 0.4988435149276689 0.4431038329710016 0.7448584703291056
vn 0.4988321640200462 0.4431130532514517 0.7448605870746914
vn 0.4988321640200462 0.4431130532514517 0.7448605870746914
vn 0.4988321640200462 0.4431130532514517 0.7448605870746914
vn 0 -0.9999929226630051 0.0037622631355810187
vn 0 -0.9999929226630051 0.0037622631355810187
vn 0 -0.9999929226630051 0.0037622631355810187
vn 0 0.9999929226630051 -0.0037622631355810187
vn 0 0.9999929226630051 -0.0037622631355810187
vn 0 0.9999929226630051 -0.0037622631355810187
vn 0.7465168433832663 0.4421803904924781 0.4971811589441051
vn 0.7465168433832663 0.4421803904924781 0.4971811589441051
vn 0.7465168433832663 0.4421803904924781 0.4971811589441051
vn 0.7465265242546741 0.44217113732481905 0.4971748524423892
vn 0.7465265242546741 0.44217113732481905 0.4971748524423892
vn 0.7465265242546741 0.44217113732481905 0.4971748524423892
vn 0 -0.9999929226630051 0.0037622631355810187
vn 0 -0.9999929226630051 0.0037622631355810187
vn 0 -0.9999929226630051 0.0037622631355810187
vn 0 0.9999929226630051 -0.0037622631355810187
vn 0 0.9999929226630051 -0.0037622631355810187
vn 0 0.9999929226630051 -0.0037622631355810187
vn 0.8806003479510887 0.4409560317593947 0.17349583638643706
vn 0.8806003479510887 0.4409560317593947 0.17349583638643706
vn 0.8806003479510887 0.4409560317593947 0.17349583638643706
vn 0.8805948387992247 0.4409638576289634 0.17350390815526442
vn 0.8805948387992247 0.4409638576289634 0.17350390815526442
vn 0.8805948387992247 0.4409638576289634 0.17350390815526442
vn 0 -0.9999929226630051 0.0037622631355810187
vn 0 -0.9999929226630051 0.0037622631355810187
vn 0 -0.9999929226630051 0.0037622631355810187
vn 0 0.9999929226630051 -0.0037622631355810187
vn 0 0.9999929226630051 -0.0037622631355810187
vn 0 0.9999929226630051 -0.0037622631355810187
vn 0.8805969383329969 0.43964517324409064 -0.1768082403105855
vn 0.8805969383329969 0.43964517324409064 -0.1768082403105855
vn 0.8805969383329969 0.43964517324409064 -0.1768082403105855
vn 0.8805989296093837 0.4396373411862029 -0.1768177971968157
vn 0.8805989296093837 0.4396373411862029 -0.1768177971968157
vn 0.8805989296093837 0.4396373411862029 -0.1768177971968157
vn 0 -0.9999929226630051 0.0037622631355810187
vn 0 -0.9999929226630051 0.0037622631355810187
vn 0 -0.9999929226630051 0.0037622631355810187
vn 0 0.9999929226630051 -0.0037622631355810187
vn 0 0.9999929226630051 -0.0037622631355810187
vn 0 0.9999929226630051 -0.0037622631355810187
vn 0.7465202719307189 0.4384184467053168 -0.5004965026700815
vn 0.7465202719307189 0.4384184467053168 -0.5004965026700815
vn 0.7465202719307189 0.4384184467053168 -0.5004965026700815
vn 0.7465224233504447 0.438427701596661 -0.5004851865017069
vn 0.7465224233504447 0.438427701596661 -0.5004851865017069
vn 0.7465224233504447 0.438427701596661 -0.5004851865017069
vn 0 -0.9999929226630051 0.0037622631355810187
vn 0 -0.9999929226630051 0.0037622631355810187
vn 0 -0.9999929226630051 0.0037622631355810187
vn 0 0.9999929226630051 -0.0037622631355810187
vn 0 0.9999929226630051 -0.0037622631355810187
vn 0 0.9999929226630051 -0.0037622631355810187
vn 0.4988412392079221 0.4374950256877474 -0.7481681098282538
vn 0.4988412392079221 0.4374950256877474 -0.7481681098282538
vn 0.4988412392079221 0.4374950256877474 -0.7481681098282538
vn 0.4988348979379878 0.4374857599556288 -0.7481777559078077
vn 0.4988348979379878 0.4374857599556288 -0.7481777559078077
vn 0.4988348979379878 0.4374857599556288 -0.7481777559078077
vn 0 -0.9999929226630051 0.0037622631355810187
vn 0 -0.9999929226630051 0.0037622631355810187
vn 0 -0.9999929226630051 0.0037622631355810187
vn 0 0.9999929226630051 -0.0037622631355810187
vn 0 0.9999929226630051 -0.0037622631355810187
vn 0 0.9999929226630051 -0.0037622631355810187
vn 0.17515360112063608 0.4369840075965579 -0.8822506407588064
vn 0.17515360112063608 0.4369840075965579 -0.8822506407588064
vn 0.17515360112063608 0.4369840075965579 -0.8822506407588064
vn 0.1751617022753174 0.43699182371433 -0.882245160974452
vn 0.1751617022753174 0.43699182371433 -0.882245160974452
vn 0.1751617022753174 0.43699182371433 -0.882245160974452
vn 0 -0.9999929226630051 0.0037622631355810187
vn 0 -0.9999929226630051 0.0037622631355810187
vn 0 -0.9999929226630051 0.0037622631355810187
vn 0 0.9999929226630051 -0.0037622631355810187
vn 0 0.9999929226630051 -0.0037622631355810187
vn 0 0.9999929226630051 -0.0037622631355810187
vn -0.17515292815105288 0.43699110725036655 -0.8822472578275384
vn -0.17515292815105288 0.43699110725036655 -0.8822472578275384
vn -0.17515292815105288 0.43699110725036655 -0.8822472578275384
vn -0.17516251443590838 0.43698330376689914 -0.882249219759052
vn -0.17516251443590838 0.43698330376689914 -0.882249219759052
vn -0.17516251443590838 0.43698330376689914 -0.882249219759052
vn 0 -0.9999929226630051 0.0037622631355810187
vn 0 -0.9999929226630051 0.0037622631355810187
vn 0 -0.9999929226630051 0.0037622631355810187
vn 0 0.9999929226630051 -0.0037622631355810187
vn 0 0.9999929226630051 -0.0037622631355810187
vn 0 0.9999929226630051 -0.0037622631355810187
vn -0.4988435149276689 0.4374866215729039 -0.7481715067812561
vn -0.4988435149276689 0.4374866215729039 -0.7481715067812561
vn -0.4988435149276689 0.4374866215729039 -0.7481715067812561
vn -0.4988321640200462 0.4374958256649397 -0.7481736928446698
vn -0.4988321640200462 0.4374958256649397 -0.7481736928446698
vn -0.4988321640200462 0.4374958256649397 -0.7481736928446698
vn 0 -0.9999929226630051 0.0037622631355810187
vn 0 -0.9999929226630051 0.0037622631355810187
vn 0 -0.9999929226630051 0.0037622631355810187
vn 0 0.9999929226630051 -0.0037622631355810187
vn 0 0.9999929226630051 -0.0037622631355810187
vn 0 0.9999929226630051 -0.0037622631355810187
vn -0.7465168433832663 0.438426846482919 -0.5004942585366258
vn -0.7465168433832663 0.438426846482919 -0.5004942585366258
vn -0.7465168433832663 0.438426846482919 -0.5004942585366258
vn -0.7465265242546741 0.4384176410303122 -0.5004878825882318
vn -0.7465265242546741 0.4384176410303122 -0.5004878825882318
vn -0.7465265242546741 0.4384176410303122 -0.5004878825882318
vn 0 -0.9999929226630051 0.0037622631355810187
vn 0 -0.9999929226630051 0.0037622631355810187
vn 0 -0.9999929226630051 0.0037622631355810187
vn 0 0.9999929226630051 -0.0037622631355810187
vn 0 0.9999929226630051 -0.0037622631355810187
vn 0 0.9999929226630051 -0.0037622631355810187
vn -0.8806003479510887 0.43963808388627384 -0.17680888661271327
vn -0.8806003479510887 0.43963808388627384 -0.17680888661271327
vn -0.8806003479510887 0.43963808388627384 -0.17680888661271327
vn -0.8805948387992247 0.4396458487984913 -0.17681701703857933
vn -0.8805948387992247 0.4396458487984913 -0.17681701703857933
vn -0.8805948387992247 0.4396458487984913 -0.17681701703857933
vn 0 -0.9999929226630051 0.0037622631355810187
vn 0 -0.9999929226630051 0.0037622631355810187
vn 0 -0.9999929226630051 0.0037622631355810187
vn 0 0.9999929226630051 -0.0037622631355810187
vn 0 0.9999929226630051 -0.0037622631355810187
vn 0 0.9999929226630051 -0.0037622631355810187
f 1//1 2//2 3//3
f 4//4 5//5 6//6
f 7//7 8//8 9//9
f 10//10 11//11 12//12
f 13//13 14//14 15//15
f 16//16 17//17 18//18
f 19//19 20//20 21//21
f 22//22 23//23 24//24
f 25//25 26//26 27//27
f 28//28 29//29 30//30
f 31//31 32//32 33//33
f 34//34 35//35 36//36
f 37//37 38//38 39//39
f 40//40 41//41 42//42
f 43//43 44//44 45//45
f 46//46 47//47 48//48
f 49//49 50//50 51//51
f 52//52 53//53 54//54
f 55//55 56//56 57//57
f 58//58 59//59 60//60
f 61//61 62//62 63//63
f 64//64 65//65 66//66
f 67//67 68//68 69//69
f 70//70 71//71 72//72
f 73//73 74//74 75//75
f 76//76 77//77 78//78
f 79//79 80//80 81//81
f 82//82 83//83 84//84
f 85//85 86//86 87//87
f 88//88 89//89 90//90
f 91//91 92//92 93//93
f 94//94 95//95 96//96
f 97//97 98//98 99//99
f 100//100 101//101 102//102
f 103//103 104//104 105//105
f 106//106 107//107 108//108
f 109//109 110//110 111//111
f 112//112 113//113 114//114
f 115//115 116//116 117//117
f 118//118 119//119 120//120
f 121//121 122//122 123//123
f 124//124 125//125 126//126
f 127//127 128//128 129//129
f 130//130 131//131 132//132
f 133//133 134//134 135//135
f 136//136 137//137 138//138
f 139//139 140//140 141//141
f 142//142 143//143 144//144
f 145//145 146//146 147//147
f 148//148 149//149 150//150
f 151//151 152//152 153//153
f 154//154 155//155 156//156
f 157//157 158//158 159//159
f 160//160 161//161 162//162
f 163//163 164//164 165//165
f 166//166 167//167 168//168
f 169//169 170//170 171//171
f 172//172 173//173 174//174
f 175//175 176//176 177//177
f 178//178 179//179 180//180
f 181//181 182//182 183//183
f 184//184 185//185 186//186
f 187//187 188//188 189//189
f 190//190 191//191 192//192
f 193//193 194//194 195//195
f 196//196 197//197 198//198
f 199//199 200//200 201//201
f 202//202 203//203 204//204
f 205//205 206//206 207//207
f 208//208 209//209 210//210
f 211//211 212//212 213//213
f 214//214 215//215 216//216
f 217//217 218//218 219//219
f 220//220 221//221 222//222
f 223//223 224//224 225//225
f 226//226 227//227 228//228
f 229//229 230//230 231//231
f 232//232 233//233 234//234
f 235//235 236//236 237//237
f 238//238 239//239 240//240
f 241//241 242//242 243//243
f 244//244 245//245 246//246
f 247//247 248//248 249//249
f 250//250 251//251 252//252
f 253//253 254//254 255//255
f 256//256 257//257 258//258
f 259//259 260//260 261//261
f 262//262 263//263 264//264
f 265//265 266//266 267//267
f 268//268 269//269 270//270
f 271//271 272//272 273//273
f 274//274 275//275 276//276
f 277//277 278//278 279//279
f 280//280 281//281 282//282
f 283//283 284//284 285//285
f 286//286 287//287 288//288
f 289//289 290//290 291//291
f 292//292 293//293 294//294
f 295//295 296//296 297//297
f 298//298 299//299 300//300
f 301//301 302//302 303//303
f 304//304 305//305 306//306
f 307//307 308//308 309//309
f 310//310 311//311 312//312
f 313//313 314//314 315//315
f 316//316 317//317 318//318
f 319//319 320//320 321//321
f 322//322 323//323 324//324
f 325//325 326//326 327//327
f 328//328 329//329 330//330
f 331//331 332//332 333//333
f 334//334 335//335 336//336
f 337//337 338//338 339//339
f 340//340 341//341 342//342
f 343//343 344//344 345//345
f 346//346 347//347 348//348
f 349//349 350//350 351//351
f 352//352 353//353 354//354
f 355//355 356//356 357//357
f 358//358 359//359 360//360
f 361//361 362//362 363//363
f 364//364 365//365 366//366
f 367//367 368//368 369//369
f 370//370 371//371 372//372
f 373//373 374//374 375//375
f 376//376 377//377 378//378
f 379//379 380//380 381//381
f 382//382 383//383 384//384
f 385//385 386//386 387//387
f 388//388 389//389 390//390
f 391//391 392//392 393//393
f 394//394 395//395 396//396
f 397//397 398//398 399//399
f 400//400 401//401 402//402
f 403//403 404//404 405//405
f 406//406 407//407 408//408
f 409//409 410//410 411//411
f 412//412 413//413 414//414
f 415//415 416//416 417//417
f 418//418 419//419 420//420
f 421//421 422//422 423//423
f 424//424 425//425 426//426
f 427//427 428//428 429//429
f 430//430 431//431 432//432
f 433//433 434//434 435//435
f 436//436 437//437 438//438
f 439//439 440//440 441//441
f 442//442 443//443 444//444
f 445//445 446//446 447//447
f 448//448 449//449 450//450
f 451//451 452//452 453//453
f 454//454 455//455 456//456
f 457//457 458//458 459//459
f 460//460 461//461 462//462
f 463//463 464//464 465//465
f 466//466 467//467 468//468
f 469//469 470//470 471//471
f 472//472 473//473 474//474
f 475//475 476//476 477//477
f 478//478 479//479 480//480
f 481//481 482//482 483//483
f 484//484 485//485 486//486
f 487//487 488//488 489//489
f 490//490 491//491 492//492
f 493//493 494//494 495//495
f 496//496 497//497 498//498
f 499//499 500//500 501//501
f 502//502 503//503 504//504
f 505//505 506//506 507//507
f 508//508 509//509 510//510
f 511//511 512//512 513//513
f 514//514 515//515 516//516
f 517//517 518//518 519//519
f 520//520 521//521 522//522
f 523//523 524//524 525//525
f 526//526 527//527 528//528
f 529//529 530//530 531//531
f 532//532 533//533 534//534
f 535//535 536//536 537//537
f 538//538 539//539 540//540
f 541//541 542//542 543//543
f 544//544 545//545 546//546
f 547//547 548//548 549//549
f 550//550 551//551 552//552
f 553//553 554//554 555//555
f 556//556 557//557 558//558
f 559//559 560//560 561//561
f 562//562 563//563 564//564
f 565//565 566//566 567//567
f 568//568 569//569 570//570
f 571//571 572//572 573//573
f 574//574 575//575 576//576
f 577//577 578//578 579//579
f 580//580 581//581 582//582
f 583//583 584//584 585//585
f 586//586 587//587 588//588
f 589//589 590//590 591//591
f 592//592 593//593 594//594
f 595//595 596//596 597//597
f 598//598 599//599 600//600
f 601//601 602//602 603//603
f 604//604 605//605 606//606
f 607//607 608//608 609//609
f 610//610 611//611 612//612
f 613//613 614//614 615//615
f 616//616 617//617 618//618
f 619//619 620//620 621//621
f 622//622 623//623 624//624
f 625//625 626//626 627//627
f 628//628 629//629 630//630
f 631//631 632//632 633//633
f 634//634 635//635 636//636
f 637//637 638//638 639//639
f 640//640 641//641 642//642
f 643//643 644//644 645//645
f 646//646 647//647 648//648
f 649//649 650//650 651//651
f 652//652 653//653 654//654
f 655//655 656//656 657//657
f 658//658 659//659 660//660
f 661//661 662//662 663//663
f 664//664 665//665 666//666
f 667//667 668//668 669//669
f 670//670 671//671 672//672
f 673//673 674//674 675//675
f 676//676 677//677 678//678
f 679//679 680//680 681//681
f 682//682 683//683 684//684
f 685//685 686//686 687//687
f 688//688 689//689 690//690
f 691//691 692//692 693//693
f 694//694 695//695 696//696
f 697//697 698//698 699//699
f 700//700 701//701 702//702
f 703//703 704//704 705//705
f 706//706 707//707 708//708
f 709//709 710//710 711//711
f 712//712 713//713 714//714
f 715//715 716//716 717//717
f 718//718 719//719 720//720
f 721//721 722//722 723//723
f 724//724 725//725 726//726
f 727//727 728//728 729//729
f 730//730 731//731 732//732
f 733//733 734//734 735//735
f 736//736 737//737 738//738
f 739//739 740//740 741//741
f 742//742 743//743 744//744
f 745//745 746//746 747//747
f 748//748 749//749 750//750
f 751//751 752//752 753//753
f 754//754 755//755 756//756
f 757//757 758//758 759//759
f 760//760 761//761 762//762
f 763//763 764//764 765//765
f 766//766 767//767 768//768
f 769//769 770//770 771//771
f 772//772 773//773 774//774
f 775//775 776//776 777//777
f 778//778 779//779 780//780
f 781//781 782//782 783//783
f 784//784 785//785 786//786
f 787//787 788//788 789//789
f 790//790 791//791 792//792
f 793//793 794//794 795//795
f 796//796 797//797 798//798
f 799//799 800//800 801//801
f 802//802 803//803 804//804
f 805//805 806//806 807//807
f 808//808 809//809 810//810
f 811//811 812//812 813//813
f 814//814 815//815 816//816
f 817//817 818//818 819//819
f 820//820 821//821 822//822
f 823//823 824//824 825//825
f 826//826 827//827 828//828
f 829//829 830//830 831//831
f 832//832 833//833 834//834
f 835//835 836//836 837//837
f 838//838 839//839 840//840
f 841//841 842//842 843//843
f 844//844 845//845 846//846
f 847//847 848//848 849//849
f 850//850 851//851 852//852
f 853//853 854//854 855//855
f 856//856 857//857 858//858
f 859//859 860//860 861//861
f 862//862 863//863 864//864
f 865//865 866//866 867//867
f 868//868 869//869 870//870
f 871//871 872//872 873//873
f 874//874 875//875 876//876
f 877//877 878//878 879//879
f 880//880 881//881 882//882
f 883//883 884//884 885//885
f 886//886 887//887 888//888
f 889//889 890//890 891//891
f 892//892 893//893 894//894
f 895//895 896//896 897//897
f 898//898 899//899 900//900
f 901//901 902//902 903//903
f 904//904 905//905 906//906
f 907//907 908//908 909//909
f 910//910 911//911 912//912
f 913//913 914//914 915//915
f 916//916 917//917 918//918
f 919//919 920//920 921//921
f 922//922 923//923 924//924
f 925//925 926//926 927//927
f 928//928 929//929 930//930
f 931//931 932//932 933//933
f 934//934 935//935 936//936
f 937//937 938//938 939//939
f 940//940 941//941 942//942
f 943//943 944//944 945//945
f 946//946 947//947 948//948
f 949//949 950//950 951//951
f 952//952 953//953 954//954
f 955//955 956//956 957//957
f 958//958 959//959 960//960
